CUST_HOT,416.44
CUST_HOT,338.81
CUST_HOT,124.08
CUST_HOT,298.87
CUST_HOT,87.76
CUST_HOT,25.68
CUST_HOT,307.89
CUST_HOT,411.02
CUST_HOT,122.4
CUST_HOT,24.92
CUST_HOT,336.15
CUST_HOT,139.58
CUST_HOT,356.02
CUST_HOT,104.63
CUST_HOT,206.64
CUST_HOT,306.69
CUST_12,328.8
CUST_HOT,310.27
CUST_HOT,305.03
CUST_HOT,451.35
CUST_HOT,444.98
CUST_HOT,434.36
CUST_HOT,176.46
CUST_HOT,369.33
CUST_HOT,251.14
CUST_HOT,409.77
CUST_HOT,373.87
CUST_HOT,389.61
CUST_HOT,37.17
CUST_HOT,431.49
CUST_HOT,342.95
CUST_HOT,254.19
CUST_8,114.12
CUST_HOT,200.76
CUST_HOT,347.82
CUST_HOT,376.45
CUST_HOT,49.52
CUST_HOT,43.09
CUST_HOT,123.04
CUST_HOT,75.11
CUST_HOT,277.31
CUST_HOT,318.48
CUST_HOT,76.22
CUST_HOT,308.1
CUST_HOT,277.95
CUST_HOT,109.86
CUST_13,247.06
CUST_HOT,436.21
CUST_HOT,129.57
CUST_HOT,254.06
CUST_HOT,275.09
CUST_HOT,272.83
CUST_HOT,193.38
CUST_HOT,78.36
CUST_12,284.93
CUST_HOT,258.57
CUST_HOT,101.4
CUST_HOT,141.21
CUST_5,33.34
CUST_9,66.3
CUST_HOT,180.11
CUST_HOT,35.07
CUST_HOT,366.0
CUST_HOT,159.6
CUST_HOT,102.53
CUST_HOT,421.67
CUST_HOT,430.47
CUST_17,191.16
CUST_6,195.4
CUST_HOT,81.78
CUST_HOT,154.42
CUST_HOT,416.47
CUST_HOT,43.65
CUST_15,145.44
CUST_HOT,336.9
CUST_HOT,387.59
CUST_HOT,345.79
CUST_HOT,416.3
CUST_HOT,359.57
CUST_HOT,466.43
CUST_HOT,112.99
CUST_HOT,395.08
CUST_HOT,300.44
CUST_7,93.84
CUST_HOT,146.65
CUST_HOT,280.82
CUST_HOT,145.19
CUST_HOT,373.8
CUST_HOT,84.43
CUST_HOT,69.47
CUST_HOT,212.03
CUST_3,403.75
CUST_HOT,412.78
CUST_HOT,88.3
CUST_HOT,271.87
CUST_1,189.1
CUST_HOT,57.28
CUST_HOT,428.12
CUST_HOT,271.65
CUST_HOT,35.5
CUST_HOT,442.91
CUST_HOT,344.78
CUST_HOT,361.79
CUST_HOT,423.56
CUST_HOT,107.9
CUST_HOT,133.95
CUST_HOT,429.54
CUST_HOT,341.86
CUST_HOT,184.21
CUST_HOT,63.3
CUST_HOT,142.92
CUST_HOT,442.69
CUST_HOT,407.06
CUST_HOT,120.51
CUST_HOT,269.38
CUST_5,185.04
CUST_HOT,254.85
CUST_HOT,102.32
CUST_HOT,276.67
CUST_HOT,277.32
CUST_HOT,404.68
CUST_HOT,309.5
CUST_9,279.44
CUST_HOT,45.95
CUST_5,365.59
CUST_HOT,306.6
CUST_HOT,227.98
CUST_HOT,29.21
CUST_HOT,77.73
CUST_HOT,90.45
CUST_HOT,143.37
CUST_HOT,86.34
CUST_0,124.05
CUST_HOT,30.31
CUST_HOT,478.1
CUST_HOT,209.08
CUST_HOT,92.43
CUST_HOT,404.69
CUST_6,279.73
CUST_HOT,364.56
CUST_HOT,266.94
CUST_HOT,206.75
CUST_HOT,324.78
CUST_HOT,358.8
CUST_HOT,382.35
CUST_HOT,248.99
CUST_HOT,97.74
CUST_HOT,259.25
CUST_1,184.91
CUST_HOT,369.66
CUST_HOT,200.37
CUST_HOT,427.42
CUST_HOT,465.12
CUST_HOT,95.0
CUST_HOT,273.49
CUST_HOT,239.23
CUST_HOT,300.37
CUST_HOT,121.21
CUST_HOT,71.28
CUST_HOT,461.29
CUST_14,281.57
CUST_12,215.11
CUST_HOT,352.04
CUST_HOT,462.45
CUST_HOT,378.62
CUST_HOT,326.4
CUST_2,177.04
CUST_15,291.98
CUST_3,159.04
CUST_HOT,387.07
CUST_HOT,423.11
CUST_HOT,370.02
CUST_14,349.48
CUST_HOT,209.31
CUST_HOT,368.92
CUST_HOT,490.55
CUST_HOT,167.18
CUST_HOT,38.83
CUST_17,178.81
CUST_HOT,50.66
CUST_HOT,310.85
CUST_HOT,161.5
CUST_HOT,57.18
CUST_HOT,226.83
CUST_3,215.94
CUST_HOT,53.89
CUST_HOT,403.78
CUST_HOT,411.11
CUST_HOT,366.18
CUST_HOT,86.51
CUST_HOT,399.97
CUST_HOT,268.69
CUST_HOT,246.33
CUST_HOT,260.53
CUST_5,41.32
CUST_HOT,432.01
CUST_19,435.39
CUST_HOT,391.61
CUST_HOT,19.42
CUST_HOT,350.17
CUST_19,145.82
CUST_HOT,373.74
CUST_HOT,422.89
CUST_HOT,21.25
CUST_HOT,495.9
CUST_HOT,316.11
CUST_HOT,491.38
CUST_HOT,42.32
CUST_19,189.05
CUST_HOT,73.69
CUST_HOT,382.49
CUST_HOT,363.63
CUST_HOT,193.34
CUST_HOT,161.85
CUST_HOT,485.61
CUST_HOT,431.34
CUST_HOT,128.16
CUST_HOT,189.33
CUST_HOT,255.19
CUST_HOT,221.11
CUST_HOT,486.97
CUST_HOT,163.31
CUST_HOT,473.48
CUST_HOT,155.04
CUST_HOT,100.84
CUST_13,84.76
CUST_7,300.7
CUST_HOT,17.6
CUST_HOT,278.68
CUST_HOT,438.38
CUST_HOT,392.96
CUST_HOT,397.81
CUST_HOT,422.71
CUST_HOT,477.84
CUST_HOT,140.68
CUST_HOT,327.45
CUST_HOT,403.73
CUST_14,190.24
CUST_HOT,417.22
CUST_HOT,454.66
CUST_4,148.67
CUST_HOT,146.14
CUST_8,153.19
CUST_HOT,305.26
CUST_HOT,216.58
CUST_HOT,483.69
CUST_HOT,151.45
CUST_HOT,247.19
CUST_HOT,184.49
CUST_HOT,485.47
CUST_HOT,219.71
CUST_12,142.63
CUST_HOT,472.83
CUST_HOT,195.72
CUST_HOT,382.01
CUST_HOT,439.79
CUST_HOT,60.21
CUST_HOT,448.09
CUST_HOT,301.78
CUST_HOT,470.31
CUST_HOT,447.91
CUST_HOT,87.14
CUST_HOT,462.16
CUST_HOT,152.43
CUST_HOT,473.84
CUST_HOT,105.29
CUST_15,170.66
CUST_HOT,111.95
CUST_HOT,464.96
CUST_HOT,48.39
CUST_4,363.45
CUST_HOT,427.35
CUST_9,351.15
CUST_HOT,459.3
CUST_HOT,387.62
CUST_HOT,125.26
CUST_HOT,194.12
CUST_HOT,92.89
CUST_HOT,408.96
CUST_11,27.77
CUST_HOT,239.47
CUST_HOT,479.14
CUST_18,245.75
CUST_HOT,197.76
CUST_7,137.48
CUST_HOT,271.56
CUST_HOT,151.59
CUST_HOT,339.0
CUST_HOT,171.41
CUST_HOT,111.04
CUST_HOT,88.12
CUST_HOT,427.45
CUST_HOT,404.24
CUST_HOT,177.7
CUST_HOT,20.71
CUST_5,451.3
CUST_HOT,236.32
CUST_HOT,49.94
CUST_HOT,455.12
CUST_HOT,379.17
CUST_HOT,279.83
CUST_HOT,467.75
CUST_HOT,421.47
CUST_HOT,451.66
CUST_9,162.34
CUST_HOT,205.99
CUST_HOT,30.83
CUST_HOT,78.6
CUST_HOT,55.99
CUST_HOT,486.07
CUST_HOT,275.31
CUST_17,175.89
CUST_HOT,219.6
CUST_HOT,62.89
CUST_HOT,184.32
CUST_12,26.32
CUST_HOT,478.16
CUST_HOT,373.53
CUST_19,344.96
CUST_HOT,445.49
CUST_5,208.65
CUST_0,407.69
CUST_14,465.39
CUST_HOT,341.0
CUST_HOT,289.77
CUST_HOT,480.36
CUST_8,278.85
CUST_HOT,40.61
CUST_HOT,396.44
CUST_17,331.47
CUST_HOT,449.61
CUST_HOT,184.78
CUST_HOT,406.69
CUST_5,89.29
CUST_HOT,202.47
CUST_HOT,210.33
CUST_16,137.66
CUST_HOT,370.65
CUST_HOT,226.13
CUST_HOT,352.73
CUST_HOT,350.73
CUST_19,301.93
CUST_HOT,112.89
CUST_HOT,409.92
CUST_HOT,408.13
CUST_HOT,13.71
CUST_HOT,281.42
CUST_HOT,32.48
CUST_HOT,355.24
CUST_HOT,430.97
CUST_HOT,64.56
CUST_HOT,196.27
CUST_HOT,219.44
CUST_HOT,294.18
CUST_HOT,31.78
CUST_HOT,494.72
CUST_HOT,187.01
CUST_HOT,167.32
CUST_HOT,199.89
CUST_HOT,415.85
CUST_19,496.37
CUST_HOT,496.08
CUST_HOT,176.78
CUST_HOT,121.62
CUST_HOT,351.29
CUST_HOT,24.78
CUST_HOT,342.67
CUST_HOT,458.01
CUST_14,384.79
CUST_14,390.88
CUST_HOT,148.73
CUST_HOT,459.91
CUST_HOT,237.68
CUST_HOT,37.09
CUST_HOT,257.42
CUST_HOT,436.02
CUST_HOT,152.6
CUST_0,416.19
CUST_9,191.42
CUST_HOT,153.94
CUST_HOT,299.06
CUST_HOT,492.28
CUST_HOT,38.25
CUST_3,313.1
CUST_HOT,264.24
CUST_HOT,483.15
CUST_HOT,63.59
CUST_HOT,204.63
CUST_HOT,417.71
CUST_HOT,48.21
CUST_HOT,178.42
CUST_HOT,380.47
CUST_HOT,349.2
CUST_HOT,219.12
CUST_HOT,325.9
CUST_HOT,127.99
CUST_HOT,390.32
CUST_HOT,499.1
CUST_HOT,46.75
CUST_HOT,281.67
CUST_5,205.72
CUST_HOT,271.21
CUST_HOT,161.2
CUST_HOT,304.35
CUST_HOT,103.72
CUST_HOT,472.4
CUST_HOT,52.97
CUST_HOT,374.8
CUST_HOT,73.42
CUST_HOT,487.95
CUST_HOT,262.36
CUST_HOT,44.02
CUST_7,291.4
CUST_HOT,402.26
CUST_HOT,362.93
CUST_HOT,261.82
CUST_HOT,61.21
CUST_10,382.2
CUST_HOT,264.43
CUST_3,401.07
CUST_HOT,320.15
CUST_HOT,424.63
CUST_7,118.98
CUST_HOT,490.41
CUST_HOT,412.77
CUST_HOT,103.2
CUST_HOT,205.8
CUST_HOT,307.75
CUST_HOT,386.33
CUST_HOT,290.66
CUST_11,124.58
CUST_HOT,123.13
CUST_HOT,91.24
CUST_HOT,180.76
CUST_HOT,322.52
CUST_2,36.15
CUST_HOT,479.78
CUST_HOT,433.89
CUST_HOT,48.8
CUST_HOT,185.01
CUST_HOT,449.26
CUST_HOT,497.84
CUST_HOT,200.77
CUST_HOT,159.29
CUST_HOT,124.9
CUST_HOT,316.53
CUST_HOT,390.32
CUST_HOT,41.85
CUST_HOT,467.33
CUST_HOT,482.76
CUST_HOT,93.27
CUST_HOT,282.14
CUST_HOT,493.8
CUST_HOT,329.83
CUST_HOT,390.67
CUST_HOT,410.16
CUST_HOT,261.45
CUST_12,124.94
CUST_HOT,452.18
CUST_HOT,289.14
CUST_HOT,371.04
CUST_HOT,48.76
CUST_HOT,28.11
CUST_HOT,486.43
CUST_19,77.76
CUST_HOT,322.82
CUST_HOT,13.07
CUST_HOT,131.69
CUST_HOT,279.21
CUST_16,278.56
CUST_HOT,107.01
CUST_16,417.83
CUST_HOT,461.58
CUST_HOT,450.46
CUST_HOT,437.54
CUST_HOT,394.99
CUST_HOT,417.06
CUST_HOT,274.85
CUST_HOT,255.89
CUST_HOT,162.19
CUST_HOT,128.61
CUST_HOT,255.05
CUST_HOT,377.52
CUST_HOT,108.53
CUST_HOT,356.88
CUST_HOT,210.14
CUST_HOT,83.06
CUST_HOT,35.34
CUST_HOT,99.61
CUST_0,340.5
CUST_HOT,442.64
CUST_HOT,91.63
CUST_HOT,83.95
CUST_HOT,110.63
CUST_HOT,133.8
CUST_HOT,414.16
CUST_HOT,287.48
CUST_HOT,400.66
CUST_HOT,275.85
CUST_HOT,294.02
CUST_2,184.64
CUST_HOT,259.21
CUST_HOT,475.51
CUST_HOT,242.33
CUST_HOT,76.24
CUST_HOT,97.91
CUST_13,418.88
CUST_HOT,86.58
CUST_HOT,428.88
CUST_16,119.58
CUST_0,326.01
CUST_HOT,406.24
CUST_14,452.99
CUST_7,295.29
CUST_HOT,237.85
CUST_HOT,373.56
CUST_HOT,36.55
CUST_HOT,268.48
CUST_HOT,210.19
CUST_HOT,151.55
CUST_0,410.34
CUST_HOT,384.75
CUST_HOT,357.64
CUST_HOT,271.22
CUST_10,39.54
CUST_HOT,456.24
CUST_HOT,89.7
CUST_HOT,150.21
CUST_HOT,47.39
CUST_6,249.02
CUST_HOT,234.32
CUST_HOT,145.74
CUST_17,45.73
CUST_HOT,267.52
CUST_HOT,243.44
CUST_HOT,463.46
CUST_HOT,381.73
CUST_8,499.13
CUST_4,498.79
CUST_HOT,407.58
CUST_HOT,472.08
CUST_HOT,170.23
CUST_HOT,407.39
CUST_HOT,188.87
CUST_HOT,450.19
CUST_HOT,354.63
CUST_HOT,433.77
CUST_HOT,468.85
CUST_HOT,241.95
CUST_HOT,168.08
CUST_16,369.92
CUST_HOT,362.14
CUST_HOT,479.19
CUST_HOT,396.75
CUST_HOT,21.43
CUST_HOT,104.2
CUST_HOT,59.37
CUST_HOT,286.56
CUST_HOT,489.02
CUST_HOT,460.29
CUST_HOT,218.1
CUST_HOT,147.09
CUST_HOT,399.08
CUST_HOT,126.07
CUST_9,182.02
CUST_HOT,279.0
CUST_HOT,493.7
CUST_HOT,56.06
CUST_0,84.58
CUST_HOT,187.28
CUST_HOT,266.88
CUST_8,392.9
CUST_HOT,56.44
CUST_HOT,423.25
CUST_HOT,291.61
CUST_HOT,458.17
CUST_HOT,401.67
CUST_HOT,269.75
CUST_HOT,280.22
CUST_HOT,384.13
CUST_4,440.31
CUST_HOT,496.49
CUST_HOT,360.58
CUST_HOT,273.99
CUST_HOT,206.91
CUST_HOT,353.79
CUST_HOT,13.18
CUST_HOT,357.69
CUST_8,94.89
CUST_11,345.01
CUST_HOT,234.81
CUST_HOT,92.67
CUST_11,183.35
CUST_HOT,172.41
CUST_HOT,182.76
CUST_HOT,479.83
CUST_HOT,368.99
CUST_HOT,479.98
CUST_HOT,499.59
CUST_HOT,445.69
CUST_HOT,258.38
CUST_HOT,270.96
CUST_HOT,475.63
CUST_HOT,438.04
CUST_HOT,491.42
CUST_HOT,412.53
CUST_10,419.43
CUST_10,295.81
CUST_HOT,299.61
CUST_HOT,42.24
CUST_11,22.79
CUST_HOT,220.28
CUST_HOT,235.44
CUST_HOT,265.13
CUST_HOT,92.23
CUST_7,57.54
CUST_HOT,344.49
CUST_HOT,342.01
CUST_HOT,274.55
CUST_HOT,42.69
CUST_HOT,191.61
CUST_HOT,34.9
CUST_HOT,348.11
CUST_HOT,251.46
CUST_HOT,453.23
CUST_HOT,349.37
CUST_18,191.97
CUST_HOT,453.02
CUST_HOT,371.39
CUST_HOT,288.24
CUST_HOT,240.37
CUST_HOT,91.06
CUST_HOT,288.07
CUST_HOT,313.19
CUST_HOT,208.12
CUST_HOT,274.77
CUST_HOT,497.21
CUST_HOT,408.69
CUST_HOT,373.45
CUST_HOT,90.13
CUST_HOT,228.22
CUST_HOT,359.28
CUST_HOT,185.68
CUST_16,282.35
CUST_8,99.47
CUST_HOT,282.66
CUST_1,117.01
CUST_HOT,105.26
CUST_HOT,213.62
CUST_HOT,444.51
CUST_HOT,251.64
CUST_HOT,186.62
CUST_HOT,397.68
CUST_HOT,168.02
CUST_HOT,186.7
CUST_HOT,366.46
CUST_HOT,497.98
CUST_HOT,349.38
CUST_HOT,362.73
CUST_14,498.53
CUST_HOT,46.96
CUST_HOT,396.89
CUST_HOT,164.02
CUST_HOT,492.9
CUST_HOT,343.25
CUST_HOT,327.65
CUST_11,142.2
CUST_HOT,270.16
CUST_HOT,212.48
CUST_HOT,360.41
CUST_HOT,495.18
CUST_HOT,394.67
CUST_HOT,159.21
CUST_HOT,356.55
CUST_HOT,332.37
CUST_HOT,264.96
CUST_HOT,222.67
CUST_HOT,56.45
CUST_HOT,60.45
CUST_14,220.34
CUST_HOT,334.47
CUST_HOT,76.96
CUST_HOT,104.74
CUST_HOT,443.58
CUST_HOT,265.68
CUST_HOT,351.39
CUST_HOT,205.78
CUST_HOT,193.14
CUST_HOT,401.16
CUST_HOT,318.94
CUST_HOT,129.87
CUST_12,375.28
CUST_HOT,487.37
CUST_HOT,302.24
CUST_HOT,130.44
CUST_17,473.18
CUST_HOT,30.7
CUST_HOT,397.01
CUST_HOT,326.06
CUST_HOT,154.84
CUST_1,134.79
CUST_HOT,24.0
CUST_HOT,351.42
CUST_HOT,318.46
CUST_HOT,232.23
CUST_HOT,24.04
CUST_HOT,480.74
CUST_10,371.81
CUST_HOT,234.03
CUST_HOT,267.35
CUST_HOT,429.89
CUST_HOT,189.84
CUST_8,159.2
CUST_HOT,338.61
CUST_HOT,102.7
CUST_HOT,444.74
CUST_HOT,278.01
CUST_HOT,491.61
CUST_15,347.02
CUST_HOT,310.15
CUST_HOT,238.49
CUST_HOT,146.52
CUST_HOT,179.06
CUST_HOT,94.54
CUST_HOT,433.06
CUST_HOT,173.77
CUST_19,189.24
CUST_HOT,310.26
CUST_HOT,213.48
CUST_HOT,385.85
CUST_HOT,307.46
CUST_9,177.24
CUST_HOT,424.11
CUST_HOT,434.27
CUST_HOT,309.52
CUST_HOT,259.76
CUST_18,126.26
CUST_HOT,89.36
CUST_HOT,457.9
CUST_HOT,235.75
CUST_HOT,305.6
CUST_HOT,464.37
CUST_HOT,28.97
CUST_HOT,339.43
CUST_HOT,50.02
CUST_HOT,170.98
CUST_HOT,58.93
CUST_HOT,388.33
CUST_HOT,131.08
CUST_HOT,431.68
CUST_HOT,150.67
CUST_HOT,91.78
CUST_HOT,175.84
CUST_HOT,335.92
CUST_HOT,82.14
CUST_HOT,39.86
CUST_16,193.66
CUST_HOT,80.22
CUST_HOT,268.21
CUST_HOT,86.08
CUST_HOT,478.48
CUST_HOT,75.87
CUST_HOT,115.95
CUST_HOT,350.52
CUST_HOT,78.71
CUST_HOT,216.28
CUST_HOT,297.59
CUST_HOT,132.77
CUST_HOT,467.55
CUST_HOT,414.57
CUST_HOT,269.85
CUST_HOT,237.16
CUST_HOT,426.19
CUST_HOT,172.31
CUST_18,206.54
CUST_HOT,96.22
CUST_HOT,485.77
CUST_HOT,390.33
CUST_HOT,471.82
CUST_HOT,241.88
CUST_HOT,493.89
CUST_HOT,11.38
CUST_HOT,167.34
CUST_HOT,489.08
CUST_HOT,231.03
CUST_HOT,59.73
CUST_HOT,249.66
CUST_HOT,474.32
CUST_HOT,465.93
CUST_HOT,302.46
CUST_HOT,423.23
CUST_HOT,69.41
CUST_HOT,181.4
CUST_HOT,115.52
CUST_HOT,456.48
CUST_HOT,121.72
CUST_HOT,238.05
CUST_HOT,291.65
CUST_HOT,148.39
CUST_HOT,239.54
CUST_HOT,217.32
CUST_HOT,157.69
CUST_HOT,352.04
CUST_HOT,108.17
CUST_8,256.22
CUST_HOT,157.7
CUST_12,222.6
CUST_HOT,217.07
CUST_HOT,301.98
CUST_HOT,446.11
CUST_HOT,394.74
CUST_HOT,381.55
CUST_HOT,336.54
CUST_HOT,85.24
CUST_17,106.44
CUST_HOT,338.07
CUST_HOT,366.07
CUST_HOT,464.26
CUST_HOT,36.49
CUST_HOT,100.08
CUST_HOT,374.31
CUST_HOT,306.92
CUST_HOT,86.94
CUST_HOT,477.93
CUST_HOT,434.44
CUST_HOT,208.37
CUST_15,329.27
CUST_HOT,146.14
CUST_HOT,72.7
CUST_HOT,224.66
CUST_HOT,356.84
CUST_HOT,444.09
CUST_HOT,478.59
CUST_HOT,64.47
CUST_HOT,82.72
CUST_HOT,370.15
CUST_HOT,386.51
CUST_HOT,169.68
CUST_HOT,276.99
CUST_HOT,425.23
CUST_HOT,416.84
CUST_HOT,233.94
CUST_HOT,194.07
CUST_HOT,231.28
CUST_HOT,142.06
CUST_14,33.16
CUST_HOT,296.16
CUST_HOT,193.35
CUST_HOT,282.96
CUST_HOT,452.72
CUST_HOT,71.53
CUST_HOT,47.11
CUST_HOT,446.55
CUST_HOT,98.39
CUST_HOT,128.32
CUST_HOT,85.03
CUST_HOT,168.81
CUST_HOT,387.15
CUST_HOT,78.77
CUST_3,12.56
CUST_HOT,489.25
CUST_10,115.94
CUST_HOT,497.47
CUST_HOT,148.71
CUST_HOT,403.14
CUST_HOT,66.23
CUST_HOT,26.74
CUST_HOT,136.13
CUST_HOT,383.99
CUST_HOT,437.92
CUST_HOT,164.37
CUST_HOT,209.86
CUST_5,398.78
CUST_HOT,383.56
CUST_HOT,243.61
CUST_HOT,397.08
CUST_9,410.58
CUST_HOT,471.96
CUST_HOT,60.17
CUST_14,476.23
CUST_HOT,103.67
CUST_7,44.45
CUST_HOT,282.79
CUST_HOT,230.82
CUST_HOT,51.1
CUST_HOT,207.56
CUST_6,186.13
CUST_HOT,282.95
CUST_2,447.29
CUST_HOT,365.91
CUST_HOT,367.25
CUST_HOT,371.12
CUST_HOT,317.38
CUST_HOT,149.76
CUST_HOT,83.88
CUST_HOT,413.57
CUST_3,368.55
CUST_HOT,104.6
CUST_HOT,174.79
CUST_HOT,82.26
CUST_HOT,345.47
CUST_HOT,162.99
CUST_HOT,431.14
CUST_HOT,276.12
CUST_HOT,254.37
CUST_HOT,197.09
CUST_HOT,385.5
CUST_HOT,101.8
CUST_HOT,142.2
CUST_13,432.38
CUST_HOT,325.81
CUST_HOT,36.29
CUST_HOT,339.7
CUST_HOT,249.24
CUST_HOT,369.98
CUST_HOT,85.06
CUST_HOT,241.51
CUST_HOT,462.57
CUST_HOT,312.83
CUST_HOT,365.0
CUST_HOT,197.62
CUST_HOT,223.87
CUST_HOT,490.36
CUST_HOT,397.18
CUST_8,362.68
CUST_HOT,252.7
CUST_HOT,105.25
CUST_HOT,151.44
CUST_HOT,386.85
CUST_HOT,389.58
CUST_HOT,240.37
CUST_8,129.69
CUST_HOT,15.24
CUST_HOT,449.31
CUST_HOT,271.16
CUST_HOT,146.01
CUST_HOT,79.35
CUST_14,281.4
CUST_HOT,331.98
CUST_HOT,120.4
CUST_HOT,417.48
CUST_HOT,127.92
CUST_HOT,346.68
CUST_HOT,329.41
CUST_5,111.73
CUST_HOT,361.38
CUST_HOT,80.31
CUST_HOT,366.62
CUST_HOT,290.68
CUST_HOT,173.16
CUST_HOT,216.44
CUST_HOT,15.59
CUST_7,331.76
CUST_HOT,101.71
CUST_HOT,155.06
CUST_HOT,340.68
CUST_19,389.29
CUST_HOT,34.16
CUST_HOT,197.43
CUST_HOT,492.7
CUST_HOT,366.32
CUST_HOT,357.73
CUST_HOT,135.04
CUST_HOT,266.62
CUST_HOT,452.26
CUST_HOT,188.42
CUST_HOT,105.92
CUST_HOT,50.31
CUST_HOT,194.02
CUST_HOT,362.21
CUST_HOT,270.79
CUST_HOT,458.89
CUST_0,96.87
CUST_HOT,482.12
CUST_HOT,481.35
CUST_13,217.53
CUST_HOT,339.01
CUST_HOT,229.93
CUST_HOT,120.67
CUST_HOT,218.08
CUST_HOT,389.07
CUST_10,34.25
CUST_HOT,222.48
CUST_HOT,133.0
CUST_HOT,111.85
CUST_HOT,29.45
CUST_HOT,460.63
CUST_HOT,461.27
CUST_12,420.45
CUST_HOT,229.51
CUST_HOT,242.22
CUST_2,222.4
CUST_HOT,363.5
CUST_HOT,439.34
CUST_HOT,225.74
CUST_HOT,381.7
CUST_HOT,347.33
CUST_HOT,424.33
CUST_HOT,203.84
CUST_HOT,242.58
CUST_HOT,16.33
CUST_HOT,253.03
CUST_HOT,50.87
CUST_2,492.54
CUST_HOT,490.23
CUST_HOT,68.68
CUST_HOT,401.31
CUST_HOT,487.53
CUST_HOT,27.99
CUST_HOT,381.84
CUST_HOT,494.32
CUST_HOT,238.65
CUST_HOT,109.17
CUST_HOT,415.14
CUST_HOT,30.51
CUST_HOT,138.02
CUST_HOT,15.25
CUST_HOT,414.08
CUST_HOT,250.57
CUST_HOT,494.0
CUST_2,384.4
CUST_16,275.62
CUST_HOT,272.47
CUST_HOT,10.8
CUST_HOT,63.42
CUST_HOT,411.69
CUST_HOT,69.28
CUST_HOT,368.24
CUST_HOT,201.62
CUST_HOT,240.62
CUST_HOT,170.39
CUST_HOT,153.71
CUST_HOT,25.82
CUST_HOT,159.41
CUST_HOT,66.77
CUST_HOT,334.39
CUST_3,210.96
CUST_10,386.4
CUST_HOT,62.27
CUST_HOT,446.37
CUST_18,151.28
CUST_HOT,144.36
CUST_HOT,90.06
CUST_HOT,495.53
CUST_HOT,424.3
CUST_HOT,80.04
CUST_HOT,15.36
CUST_9,61.71
CUST_11,53.72
CUST_HOT,386.33
CUST_14,359.04
CUST_HOT,64.61
CUST_HOT,140.29
CUST_HOT,267.26
CUST_HOT,102.35
CUST_17,452.39
CUST_HOT,303.37
CUST_HOT,351.5
CUST_HOT,300.35
CUST_HOT,195.64
CUST_HOT,257.02
CUST_HOT,366.45
CUST_HOT,323.96
CUST_HOT,466.02
CUST_HOT,443.4
CUST_HOT,207.9
CUST_HOT,53.6
CUST_11,383.04
CUST_HOT,403.59
CUST_15,489.24
CUST_4,280.09
CUST_HOT,318.38
CUST_HOT,202.94
CUST_HOT,170.54
CUST_3,345.4
CUST_HOT,432.05
CUST_HOT,262.97
CUST_HOT,87.86
CUST_HOT,86.79
CUST_HOT,456.83
CUST_HOT,18.03
CUST_HOT,180.33
CUST_HOT,79.53
CUST_HOT,168.46
CUST_HOT,345.93
CUST_HOT,452.12
CUST_11,424.1
CUST_HOT,212.63
CUST_HOT,214.8
CUST_HOT,470.9
CUST_19,368.42
CUST_HOT,453.33
CUST_HOT,96.72
CUST_HOT,339.74
CUST_HOT,467.2
CUST_HOT,391.18
CUST_HOT,350.74
CUST_HOT,112.37
CUST_HOT,60.08
CUST_4,358.3
CUST_HOT,60.43
CUST_HOT,199.4
CUST_HOT,36.73
CUST_HOT,191.15
CUST_HOT,280.31
CUST_HOT,474.1
CUST_HOT,133.35
CUST_HOT,130.9
CUST_HOT,323.21
CUST_HOT,75.13
CUST_HOT,259.68
CUST_HOT,348.11
CUST_13,247.95
CUST_19,401.04
CUST_11,333.37
CUST_HOT,280.31
CUST_HOT,332.64
CUST_HOT,233.47
CUST_HOT,416.28
CUST_HOT,106.78
CUST_HOT,380.0
CUST_14,436.7
CUST_HOT,203.13
CUST_18,55.86
CUST_HOT,128.05
CUST_HOT,400.45
CUST_HOT,486.26
CUST_HOT,415.0
CUST_2,205.74
CUST_7,107.42
CUST_HOT,246.94
CUST_HOT,152.27
CUST_HOT,186.97
CUST_HOT,485.91
CUST_HOT,285.81
CUST_HOT,78.73
CUST_HOT,195.26
CUST_10,278.98
CUST_17,331.06
CUST_2,211.56
CUST_HOT,374.28
CUST_HOT,403.28
CUST_HOT,401.92
CUST_HOT,173.36
CUST_HOT,61.34
CUST_HOT,494.78
CUST_5,232.85
CUST_HOT,263.9
CUST_5,110.26
CUST_HOT,17.65
CUST_HOT,183.62
CUST_HOT,47.19
CUST_HOT,219.66
CUST_HOT,433.67
CUST_HOT,392.12
CUST_HOT,197.67
CUST_HOT,459.18
CUST_HOT,35.75
CUST_17,22.77
CUST_14,13.21
CUST_HOT,144.71
CUST_HOT,227.81
CUST_HOT,163.36
CUST_HOT,127.85
CUST_0,201.64
CUST_HOT,196.3
CUST_6,64.49
CUST_HOT,291.73
CUST_HOT,462.48
CUST_HOT,353.39
CUST_HOT,364.48
CUST_HOT,168.82
CUST_HOT,200.1
CUST_HOT,175.26
CUST_HOT,76.17
CUST_HOT,128.68
CUST_HOT,143.24
CUST_HOT,151.63
CUST_HOT,486.3
CUST_HOT,13.4
CUST_HOT,289.81
CUST_HOT,25.21
CUST_HOT,304.9
CUST_HOT,138.5
CUST_HOT,411.87
CUST_HOT,228.06
CUST_HOT,202.33
CUST_HOT,212.29
CUST_HOT,96.41
CUST_2,216.58
CUST_5,299.75
CUST_HOT,253.2
CUST_HOT,475.42
CUST_2,205.64
CUST_HOT,146.3
CUST_HOT,30.28
CUST_HOT,402.96
CUST_3,477.15
CUST_HOT,255.08
CUST_HOT,60.79
CUST_HOT,421.49
CUST_HOT,407.25
CUST_HOT,197.3
CUST_6,84.85
CUST_18,45.96
CUST_HOT,345.76
CUST_0,89.6
CUST_HOT,376.97
CUST_HOT,332.29
CUST_HOT,229.91
CUST_HOT,355.06
CUST_HOT,229.04
CUST_HOT,165.17
CUST_HOT,293.19
CUST_11,363.06
CUST_HOT,333.94
CUST_HOT,345.22
CUST_8,225.58
CUST_HOT,145.52
CUST_15,145.21
CUST_17,236.45
CUST_HOT,428.36
CUST_HOT,232.75
CUST_4,343.55
CUST_HOT,404.13
CUST_HOT,376.09
CUST_HOT,36.89
CUST_HOT,332.39
CUST_11,284.1
CUST_HOT,288.93
CUST_HOT,333.01
CUST_HOT,53.06
CUST_HOT,74.85
CUST_HOT,84.09
CUST_HOT,170.98
CUST_HOT,471.3
CUST_10,375.03
CUST_HOT,186.93
CUST_HOT,343.71
CUST_HOT,335.1
CUST_HOT,357.97
CUST_HOT,246.2
CUST_HOT,394.96
CUST_7,45.24
CUST_9,47.51
CUST_HOT,133.05
CUST_HOT,312.4
CUST_HOT,126.98
CUST_HOT,95.92
CUST_HOT,236.22
CUST_HOT,487.5
CUST_HOT,257.38
CUST_HOT,264.8
CUST_HOT,356.37
CUST_HOT,491.09
CUST_HOT,159.87
CUST_HOT,281.79
CUST_HOT,390.64
CUST_4,351.07
CUST_4,64.12
CUST_HOT,130.94
CUST_HOT,153.09
CUST_HOT,26.37
CUST_HOT,448.79
CUST_HOT,442.66
CUST_HOT,78.32
CUST_HOT,54.32
CUST_HOT,178.57
CUST_HOT,69.17
CUST_HOT,264.51
CUST_HOT,26.12
CUST_HOT,318.57
CUST_HOT,20.84
CUST_HOT,306.94
CUST_19,338.79
CUST_HOT,377.87
CUST_HOT,481.22
CUST_4,104.1
CUST_HOT,354.74
CUST_HOT,112.17
CUST_HOT,290.68
CUST_0,219.34
CUST_HOT,190.03
CUST_11,244.34
CUST_HOT,202.28
CUST_HOT,324.56
CUST_HOT,123.52
CUST_HOT,143.24
CUST_HOT,56.37
CUST_HOT,220.22
CUST_HOT,116.99
CUST_16,355.6
CUST_HOT,41.91
CUST_HOT,150.5
CUST_HOT,131.86
CUST_HOT,254.01
CUST_HOT,480.19
CUST_HOT,448.39
CUST_HOT,392.42
CUST_9,36.33
CUST_HOT,279.12
CUST_HOT,251.67
CUST_HOT,177.4
CUST_7,351.39
CUST_HOT,60.57
CUST_HOT,125.64
CUST_HOT,247.36
CUST_HOT,473.24
CUST_HOT,62.74
CUST_HOT,149.92
CUST_HOT,265.49
CUST_HOT,337.53
CUST_HOT,139.65
CUST_HOT,279.81
CUST_HOT,402.58
CUST_HOT,425.02
CUST_HOT,331.28
CUST_HOT,165.76
CUST_6,489.46
CUST_HOT,224.75
CUST_HOT,12.82
CUST_HOT,66.57
CUST_HOT,71.15
CUST_HOT,16.22
CUST_HOT,455.93
CUST_HOT,397.92
CUST_HOT,36.85
CUST_HOT,215.49
CUST_4,206.36
CUST_15,48.54
CUST_13,190.89
CUST_HOT,84.15
CUST_HOT,282.68
CUST_HOT,325.09
CUST_HOT,316.62
CUST_HOT,350.2
CUST_4,421.76
CUST_HOT,358.67
CUST_HOT,187.38
CUST_HOT,353.59
CUST_HOT,121.25
CUST_HOT,13.35
CUST_HOT,484.74
CUST_18,478.01
CUST_HOT,444.48
CUST_HOT,295.22
CUST_HOT,303.54
CUST_7,209.52
CUST_5,95.78
CUST_HOT,386.72
CUST_HOT,360.18
CUST_HOT,423.47
CUST_HOT,386.03
CUST_HOT,407.45
CUST_HOT,244.07
CUST_HOT,188.09
CUST_1,281.61
CUST_HOT,123.66
CUST_1,232.99
CUST_HOT,157.51
CUST_HOT,466.65
CUST_HOT,411.98
CUST_HOT,270.09
CUST_HOT,48.56
CUST_HOT,472.91
CUST_HOT,380.13
CUST_HOT,280.74
CUST_HOT,304.99
CUST_HOT,301.45
CUST_HOT,343.35
CUST_HOT,46.72
CUST_6,51.69
CUST_HOT,139.13
CUST_HOT,370.37
CUST_18,188.13
CUST_HOT,212.33
CUST_HOT,46.84
CUST_HOT,61.44
CUST_HOT,81.51
CUST_HOT,208.85
CUST_15,356.41
CUST_HOT,226.92
CUST_HOT,188.56
CUST_HOT,379.82
CUST_HOT,91.59
CUST_HOT,292.65
CUST_HOT,371.56
CUST_HOT,363.75
CUST_HOT,45.32
CUST_2,198.55
CUST_18,119.84
CUST_HOT,236.07
CUST_HOT,406.06
CUST_HOT,167.14
CUST_HOT,387.09
CUST_HOT,183.08
CUST_HOT,166.38
CUST_HOT,45.98
CUST_HOT,191.94
CUST_HOT,82.54
CUST_HOT,262.41
CUST_HOT,300.41
CUST_12,306.45
CUST_6,79.37
CUST_HOT,137.31
CUST_HOT,102.39
CUST_HOT,360.06
CUST_13,72.03
CUST_HOT,65.45
CUST_HOT,142.73
CUST_HOT,372.95
CUST_HOT,421.82
CUST_5,63.73
CUST_HOT,51.68
CUST_HOT,38.55
CUST_HOT,477.47
CUST_HOT,340.23
CUST_HOT,124.2
CUST_HOT,460.29
CUST_HOT,197.12
CUST_HOT,199.57
CUST_HOT,149.4
CUST_HOT,86.02
CUST_8,36.85
CUST_HOT,49.69
CUST_HOT,414.07
CUST_HOT,363.03
CUST_HOT,30.77
CUST_HOT,463.21
CUST_HOT,173.27
CUST_HOT,343.64
CUST_HOT,439.37
CUST_19,306.64
CUST_HOT,90.87
CUST_10,201.7
CUST_HOT,133.3
CUST_HOT,176.3
CUST_HOT,320.83
CUST_10,238.69
CUST_2,312.75
CUST_HOT,461.77
CUST_HOT,25.64
CUST_2,255.57
CUST_HOT,466.74
CUST_14,235.87
CUST_HOT,128.61
CUST_HOT,439.74
CUST_HOT,293.73
CUST_HOT,338.54
CUST_HOT,199.19
CUST_HOT,352.65
CUST_1,258.4
CUST_HOT,169.97
CUST_HOT,271.41
CUST_HOT,389.52
CUST_HOT,220.84
CUST_HOT,262.79
CUST_HOT,316.05
CUST_HOT,275.31
CUST_HOT,418.6
CUST_HOT,76.55
CUST_HOT,424.98
CUST_HOT,262.47
CUST_HOT,42.94
CUST_HOT,383.2
CUST_HOT,121.5
CUST_HOT,80.62
CUST_HOT,28.59
CUST_HOT,437.03
CUST_HOT,141.9
CUST_HOT,255.39
CUST_HOT,98.82
CUST_HOT,297.38
CUST_HOT,37.91
CUST_HOT,382.69
CUST_HOT,52.47
CUST_HOT,452.22
CUST_HOT,117.14
CUST_HOT,459.43
CUST_HOT,368.87
CUST_HOT,244.87
CUST_6,144.89
CUST_HOT,465.8
CUST_HOT,341.76
CUST_HOT,61.48
CUST_HOT,359.35
CUST_HOT,34.82
CUST_HOT,57.66
CUST_HOT,118.35
CUST_HOT,496.74
CUST_HOT,149.28
CUST_HOT,98.98
CUST_0,227.71
CUST_HOT,224.24
CUST_16,492.37
CUST_HOT,134.9
CUST_HOT,183.93
CUST_HOT,28.98
CUST_HOT,388.68
CUST_HOT,230.47
CUST_14,152.6
CUST_HOT,178.07
CUST_HOT,122.0
CUST_HOT,13.17
CUST_HOT,435.78
CUST_HOT,480.91
CUST_HOT,189.44
CUST_HOT,48.12
CUST_HOT,315.53
CUST_HOT,112.46
CUST_HOT,41.96
CUST_HOT,246.43
CUST_HOT,253.13
CUST_HOT,76.19
CUST_HOT,375.35
CUST_4,36.67
CUST_HOT,388.49
CUST_HOT,450.82
CUST_16,139.56
CUST_HOT,161.67
CUST_7,101.14
CUST_HOT,364.44
CUST_HOT,319.71
CUST_HOT,112.35
CUST_HOT,173.23
CUST_HOT,266.92
CUST_HOT,287.15
CUST_HOT,415.01
CUST_HOT,296.79
CUST_HOT,436.99
CUST_HOT,17.59
CUST_HOT,478.24
CUST_HOT,396.86
CUST_12,138.48
CUST_HOT,275.37
CUST_HOT,423.57
CUST_HOT,492.46
CUST_HOT,430.4
CUST_HOT,171.55
CUST_HOT,491.83
CUST_HOT,59.69
CUST_HOT,212.83
CUST_HOT,397.53
CUST_HOT,247.45
CUST_HOT,305.17
CUST_HOT,95.56
CUST_5,338.84
CUST_17,377.77
CUST_19,41.48
CUST_HOT,113.23
CUST_6,438.94
CUST_HOT,400.12
CUST_HOT,213.88
CUST_HOT,367.32
CUST_6,438.13
CUST_HOT,388.88
CUST_HOT,427.06
CUST_HOT,471.17
CUST_HOT,123.23
CUST_HOT,175.54
CUST_HOT,69.52
CUST_HOT,119.21
CUST_HOT,156.19
CUST_HOT,425.54
CUST_HOT,32.2
CUST_HOT,356.5
CUST_HOT,233.18
CUST_HOT,383.75
CUST_11,376.01
CUST_HOT,422.2
CUST_HOT,271.84
CUST_6,431.05
CUST_HOT,122.4
CUST_2,336.91
CUST_HOT,434.56
CUST_3,168.16
CUST_HOT,365.16
CUST_13,417.46
CUST_HOT,15.14
CUST_HOT,411.81
CUST_HOT,72.53
CUST_HOT,267.68
CUST_HOT,299.93
CUST_HOT,151.01
CUST_HOT,20.12
CUST_HOT,332.69
CUST_15,384.16
CUST_HOT,141.17
CUST_HOT,193.82
CUST_HOT,18.81
CUST_HOT,394.51
CUST_HOT,294.24
CUST_HOT,247.55
CUST_HOT,460.34
CUST_HOT,60.84
CUST_HOT,332.78
CUST_HOT,202.5
CUST_HOT,469.42
CUST_HOT,491.64
CUST_HOT,441.84
CUST_HOT,498.98
CUST_HOT,270.59
CUST_HOT,291.14
CUST_HOT,15.9
CUST_HOT,286.49
CUST_HOT,225.95
CUST_HOT,430.57
CUST_HOT,424.66
CUST_HOT,493.83
CUST_HOT,283.71
CUST_HOT,466.99
CUST_HOT,399.25
CUST_HOT,228.91
CUST_HOT,223.29
CUST_13,13.55
CUST_HOT,477.59
CUST_HOT,135.06
CUST_HOT,232.17
CUST_HOT,179.01
CUST_HOT,301.08
CUST_6,163.28
CUST_HOT,469.64
CUST_6,380.73
CUST_13,420.77
CUST_HOT,376.53
CUST_HOT,305.32
CUST_4,283.51
CUST_4,443.5
CUST_6,75.83
CUST_HOT,231.2
CUST_HOT,495.64
CUST_8,158.31
CUST_HOT,419.25
CUST_HOT,456.19
CUST_19,483.44
CUST_HOT,439.61
CUST_HOT,467.6
CUST_HOT,372.03
CUST_HOT,488.15
CUST_HOT,203.96
CUST_HOT,132.44
CUST_HOT,390.69
CUST_HOT,213.64
CUST_HOT,434.25
CUST_HOT,99.86
CUST_9,322.77
CUST_HOT,158.36
CUST_HOT,383.16
CUST_HOT,416.49
CUST_6,497.56
CUST_HOT,183.46
CUST_HOT,293.7
CUST_HOT,236.48
CUST_HOT,58.72
CUST_HOT,235.48
CUST_HOT,181.74
CUST_HOT,449.03
CUST_HOT,13.17
CUST_HOT,18.88
CUST_HOT,314.58
CUST_HOT,128.67
CUST_4,497.36
CUST_HOT,243.29
CUST_HOT,130.64
CUST_HOT,359.43
CUST_HOT,359.78
CUST_HOT,303.52
CUST_19,297.36
CUST_HOT,247.63
CUST_HOT,373.53
CUST_HOT,225.0
CUST_HOT,362.88
CUST_HOT,461.06
CUST_HOT,124.97
CUST_HOT,342.61
CUST_HOT,49.31
CUST_HOT,136.9
CUST_HOT,138.39
CUST_HOT,330.26
CUST_15,391.88
CUST_HOT,382.79
CUST_HOT,248.98
CUST_7,156.66
CUST_HOT,383.68
CUST_HOT,243.86
CUST_HOT,459.84
CUST_6,17.16
CUST_HOT,68.34
CUST_HOT,409.59
CUST_4,10.66
CUST_HOT,121.3
CUST_HOT,203.5
CUST_HOT,223.67
CUST_HOT,226.35
CUST_HOT,219.58
CUST_HOT,264.51
CUST_HOT,207.12
CUST_HOT,85.19
CUST_HOT,130.39
CUST_HOT,213.01
CUST_HOT,220.09
CUST_9,231.24
CUST_HOT,192.24
CUST_HOT,422.58
CUST_HOT,346.17
CUST_HOT,428.12
CUST_HOT,173.29
CUST_HOT,203.27
CUST_1,330.0
CUST_HOT,33.01
CUST_17,18.71
CUST_HOT,462.55
CUST_HOT,106.62
CUST_HOT,386.48
CUST_HOT,137.1
CUST_5,223.56
CUST_HOT,197.84
CUST_12,174.7
CUST_HOT,305.84
CUST_HOT,355.37
CUST_HOT,101.49
CUST_HOT,77.96
CUST_HOT,318.63
CUST_HOT,28.48
CUST_HOT,366.09
CUST_HOT,426.97
CUST_HOT,11.05
CUST_8,361.96
CUST_HOT,115.01
CUST_HOT,212.78
CUST_HOT,384.91
CUST_11,169.65
CUST_HOT,221.99
CUST_HOT,340.01
CUST_HOT,443.44
CUST_HOT,339.69
CUST_HOT,465.66
CUST_HOT,178.35
CUST_HOT,349.31
CUST_HOT,400.74
CUST_HOT,303.66
CUST_16,469.0
CUST_HOT,304.6
CUST_HOT,208.59
CUST_HOT,74.79
CUST_HOT,359.63
CUST_HOT,144.93
CUST_HOT,73.84
CUST_HOT,60.26
CUST_HOT,78.97
CUST_HOT,133.55
CUST_HOT,453.33
CUST_HOT,303.04
CUST_HOT,372.74
CUST_HOT,100.0
CUST_HOT,401.64
CUST_HOT,437.62
CUST_HOT,260.58
CUST_1,355.61
CUST_HOT,141.9
CUST_16,473.72
CUST_HOT,443.28
CUST_HOT,305.95
CUST_HOT,291.12
CUST_HOT,176.8
CUST_HOT,44.63
CUST_HOT,170.57
CUST_HOT,130.01
CUST_2,62.37
CUST_HOT,382.89
CUST_HOT,164.23
CUST_HOT,190.15
CUST_HOT,15.99
CUST_HOT,475.66
CUST_3,455.68
CUST_HOT,492.01
CUST_16,156.89
CUST_HOT,428.52
CUST_HOT,177.8
CUST_HOT,444.82
CUST_12,406.52
CUST_15,485.16
CUST_HOT,315.95
CUST_19,159.42
CUST_HOT,366.88
CUST_HOT,45.16
CUST_5,203.97
CUST_HOT,142.39
CUST_HOT,202.51
CUST_HOT,355.58
CUST_17,172.86
CUST_HOT,216.28
CUST_HOT,456.09
CUST_HOT,446.35
CUST_HOT,146.64
CUST_HOT,88.8
CUST_HOT,451.36
CUST_HOT,454.82
CUST_HOT,93.44
CUST_HOT,11.96
CUST_HOT,439.27
CUST_HOT,41.4
CUST_HOT,286.25
CUST_16,442.26
CUST_HOT,143.15
CUST_HOT,439.85
CUST_HOT,96.07
CUST_2,290.19
CUST_HOT,122.56
CUST_9,227.31
CUST_HOT,379.64
CUST_HOT,431.47
CUST_HOT,245.32
CUST_HOT,16.07
CUST_HOT,425.9
CUST_HOT,339.96
CUST_HOT,195.34
CUST_HOT,299.66
CUST_HOT,484.75
CUST_HOT,192.19
CUST_HOT,137.59
CUST_0,469.52
CUST_HOT,392.15
CUST_1,47.52
CUST_HOT,486.01
CUST_HOT,483.56
CUST_HOT,56.61
CUST_HOT,132.54
CUST_HOT,420.28
CUST_HOT,237.21
CUST_HOT,377.47
CUST_HOT,151.96
CUST_HOT,295.24
CUST_HOT,225.8
CUST_HOT,396.95
CUST_HOT,194.82
CUST_HOT,281.59
CUST_HOT,41.27
CUST_HOT,180.15
CUST_HOT,210.01
CUST_HOT,486.53
CUST_HOT,70.27
CUST_HOT,207.42
CUST_HOT,158.75
CUST_HOT,176.4
CUST_HOT,378.14
CUST_HOT,19.12
CUST_HOT,83.22
CUST_HOT,490.33
CUST_HOT,171.84
CUST_1,26.45
CUST_HOT,250.43
CUST_HOT,191.71
CUST_HOT,306.12
CUST_HOT,406.42
CUST_HOT,142.92
CUST_3,408.32
CUST_HOT,482.23
CUST_HOT,378.85
CUST_11,355.68
CUST_HOT,349.01
CUST_HOT,380.74
CUST_1,92.44
CUST_HOT,276.14
CUST_HOT,224.54
CUST_HOT,317.68
CUST_HOT,251.52
CUST_HOT,490.21
CUST_HOT,295.66
CUST_HOT,164.96
CUST_HOT,198.05
CUST_HOT,252.32
CUST_HOT,199.34
CUST_9,376.28
CUST_HOT,294.43
CUST_HOT,452.64
CUST_1,297.16
CUST_HOT,218.67
CUST_HOT,36.47
CUST_HOT,354.1
CUST_HOT,402.67
CUST_HOT,117.66
CUST_HOT,279.16
CUST_HOT,54.5
CUST_HOT,282.34
CUST_HOT,199.1
CUST_HOT,142.31
CUST_HOT,172.28
CUST_HOT,490.94
CUST_HOT,344.87
CUST_HOT,449.1
CUST_HOT,213.27
CUST_HOT,422.39
CUST_HOT,492.91
CUST_HOT,372.05
CUST_HOT,311.76
CUST_HOT,369.44
CUST_HOT,146.37
CUST_HOT,43.76
CUST_HOT,399.85
CUST_18,115.89
CUST_HOT,103.83
CUST_15,457.62
CUST_HOT,315.66
CUST_HOT,133.58
CUST_HOT,179.47
CUST_HOT,113.57
CUST_HOT,469.24
CUST_HOT,312.78
CUST_HOT,188.23
CUST_HOT,210.16
CUST_1,474.06
CUST_HOT,228.87
CUST_HOT,327.05
CUST_9,117.26
CUST_HOT,16.82
CUST_9,101.94
CUST_19,289.23
CUST_HOT,14.61
CUST_HOT,460.47
CUST_HOT,188.95
CUST_8,91.82
CUST_HOT,163.58
CUST_HOT,189.94
CUST_HOT,406.77
CUST_18,141.64
CUST_HOT,165.69
CUST_HOT,77.85
CUST_HOT,175.53
CUST_HOT,159.72
CUST_HOT,206.25
CUST_HOT,19.63
CUST_HOT,254.78
CUST_HOT,350.67
CUST_HOT,391.45
CUST_HOT,13.02
CUST_0,89.46
CUST_HOT,322.88
CUST_5,457.93
CUST_HOT,470.11
CUST_HOT,264.39
CUST_HOT,133.23
CUST_6,248.51
CUST_HOT,223.42
CUST_HOT,160.91
CUST_HOT,441.95
CUST_HOT,449.66
CUST_HOT,130.52
CUST_HOT,343.32
CUST_HOT,232.08
CUST_HOT,497.59
CUST_HOT,47.5
CUST_HOT,405.17
CUST_HOT,103.83
CUST_HOT,284.32
CUST_HOT,218.88
CUST_HOT,174.07
CUST_HOT,306.67
CUST_HOT,431.71
CUST_1,468.59
CUST_HOT,405.15
CUST_HOT,436.88
CUST_16,392.64
CUST_HOT,347.57
CUST_HOT,478.95
CUST_HOT,318.61
CUST_18,110.1
CUST_HOT,192.87
CUST_HOT,239.81
CUST_10,301.13
CUST_2,153.52
CUST_HOT,13.02
CUST_HOT,335.83
CUST_4,109.49
CUST_HOT,394.4
CUST_HOT,401.37
CUST_HOT,252.62
CUST_11,471.66
CUST_HOT,147.61
CUST_7,479.63
CUST_11,25.49
CUST_HOT,239.94
CUST_HOT,211.72
CUST_HOT,199.26
CUST_8,243.92
CUST_4,403.85
CUST_HOT,402.58
CUST_HOT,379.58
CUST_0,396.8
CUST_7,425.48
CUST_HOT,466.86
CUST_HOT,139.42
CUST_HOT,122.87
CUST_HOT,31.36
CUST_HOT,334.24
CUST_4,380.04
CUST_HOT,164.21
CUST_HOT,340.76
CUST_HOT,181.92
CUST_HOT,331.31
CUST_HOT,328.22
CUST_HOT,392.32
CUST_HOT,475.35
CUST_HOT,130.47
CUST_HOT,13.79
CUST_HOT,86.67
CUST_HOT,427.57
CUST_16,396.92
CUST_HOT,491.55
CUST_HOT,61.14
CUST_HOT,344.15
CUST_HOT,155.66
CUST_HOT,152.55
CUST_5,187.86
CUST_HOT,387.73
CUST_HOT,239.68
CUST_13,264.74
CUST_HOT,390.6
CUST_HOT,259.22
CUST_11,476.48
CUST_HOT,312.54
CUST_HOT,36.34
CUST_HOT,295.95
CUST_HOT,235.96
CUST_HOT,497.63
CUST_HOT,398.59
CUST_6,62.24
CUST_HOT,394.64
CUST_HOT,367.7
CUST_HOT,476.22
CUST_HOT,382.33
CUST_HOT,455.23
CUST_HOT,307.93
CUST_HOT,249.82
CUST_HOT,154.58
CUST_HOT,185.85
CUST_HOT,115.38
CUST_HOT,315.51
CUST_12,465.69
CUST_17,127.22
CUST_HOT,498.23
CUST_HOT,72.32
CUST_1,204.73
CUST_14,60.28
CUST_HOT,60.57
CUST_HOT,260.21
CUST_15,128.52
CUST_1,340.29
CUST_HOT,345.68
CUST_HOT,432.8
CUST_HOT,287.35
CUST_HOT,248.55
CUST_HOT,426.12
CUST_HOT,478.43
CUST_HOT,358.11
CUST_14,61.49
CUST_HOT,487.32
CUST_8,417.36
CUST_HOT,192.37
CUST_HOT,260.35
CUST_HOT,49.56
CUST_2,358.48
CUST_12,294.89
CUST_HOT,23.35
CUST_12,156.29
CUST_HOT,142.14
CUST_HOT,63.62
CUST_HOT,35.99
CUST_HOT,67.76
CUST_HOT,446.71
CUST_HOT,143.92
CUST_HOT,330.61
CUST_9,186.4
CUST_HOT,300.54
CUST_HOT,462.94
CUST_HOT,71.04
CUST_HOT,408.09
CUST_HOT,310.29
CUST_HOT,203.26
CUST_HOT,378.93
CUST_HOT,86.33
CUST_HOT,280.16
CUST_HOT,221.74
CUST_HOT,290.39
CUST_7,56.18
CUST_HOT,467.27
CUST_HOT,167.43
CUST_HOT,498.38
CUST_HOT,332.47
CUST_HOT,422.82
CUST_8,275.39
CUST_HOT,373.19
CUST_HOT,117.5
CUST_HOT,305.65
CUST_HOT,247.11
CUST_HOT,172.53
CUST_HOT,208.61
CUST_HOT,144.69
CUST_HOT,373.06
CUST_HOT,236.76
CUST_HOT,11.08
CUST_HOT,11.6
CUST_HOT,337.36
CUST_HOT,285.86
CUST_HOT,363.52
CUST_HOT,38.71
CUST_HOT,17.03
CUST_HOT,169.12
CUST_HOT,418.4
CUST_HOT,303.8
CUST_2,243.32
CUST_HOT,399.56
CUST_HOT,144.71
CUST_HOT,498.68
CUST_HOT,159.06
CUST_HOT,92.99
CUST_11,42.91
CUST_HOT,405.26
CUST_0,374.37
CUST_HOT,190.41
CUST_HOT,284.08
CUST_12,319.73
CUST_HOT,350.6
CUST_HOT,59.07
CUST_HOT,360.71
CUST_HOT,429.37
CUST_HOT,54.74
CUST_HOT,255.99
CUST_HOT,364.19
CUST_HOT,428.01
CUST_HOT,303.14
CUST_HOT,319.01
CUST_HOT,79.38
CUST_HOT,244.58
CUST_HOT,369.04
CUST_HOT,319.58
CUST_6,304.72
CUST_HOT,340.91
CUST_HOT,254.44
CUST_HOT,168.41
CUST_7,84.94
CUST_HOT,146.87
CUST_HOT,354.17
CUST_HOT,58.54
CUST_HOT,85.29
CUST_HOT,256.68
CUST_HOT,307.07
CUST_HOT,113.81
CUST_HOT,148.74
CUST_HOT,390.08
CUST_HOT,208.87
CUST_HOT,69.1
CUST_HOT,472.72
CUST_HOT,474.98
CUST_2,152.42
CUST_16,387.82
CUST_HOT,33.55
CUST_HOT,69.33
CUST_4,273.98
CUST_HOT,404.41
CUST_HOT,343.68
CUST_HOT,430.71
CUST_HOT,123.72
CUST_HOT,80.39
CUST_HOT,189.22
CUST_19,454.95
CUST_HOT,298.71
CUST_HOT,274.77
CUST_HOT,243.71
CUST_HOT,418.12
CUST_HOT,340.77
CUST_HOT,281.84
CUST_HOT,34.14
CUST_HOT,280.37
CUST_HOT,345.38
CUST_HOT,44.67
CUST_HOT,346.16
CUST_HOT,122.5
CUST_HOT,36.84
CUST_HOT,59.59
CUST_HOT,306.4
CUST_HOT,345.26
CUST_15,395.29
CUST_HOT,414.47
CUST_HOT,469.75
CUST_HOT,67.37
CUST_HOT,406.57
CUST_HOT,466.84
CUST_15,460.38
CUST_0,435.98
CUST_HOT,341.12
CUST_18,352.73
CUST_HOT,182.56
CUST_8,167.47
CUST_0,220.06
CUST_HOT,289.15
CUST_HOT,153.91
CUST_0,127.21
CUST_19,286.08
CUST_HOT,295.32
CUST_HOT,31.77
CUST_HOT,323.33
CUST_HOT,384.2
CUST_HOT,21.6
CUST_HOT,220.99
CUST_HOT,379.23
CUST_HOT,21.05
CUST_HOT,188.87
CUST_HOT,253.83
CUST_HOT,107.79
CUST_HOT,341.45
CUST_HOT,23.24
CUST_HOT,228.05
CUST_13,360.77
CUST_HOT,204.68
CUST_HOT,199.88
CUST_HOT,305.99
CUST_14,53.45
CUST_HOT,74.19
CUST_HOT,123.94
CUST_HOT,294.23
CUST_HOT,50.01
CUST_HOT,165.69
CUST_HOT,84.69
CUST_HOT,25.16
CUST_HOT,178.08
CUST_13,159.09
CUST_5,388.94
CUST_HOT,22.93
CUST_HOT,483.53
CUST_16,221.71
CUST_HOT,125.44
CUST_HOT,310.66
CUST_HOT,51.24
CUST_HOT,287.04
CUST_3,96.06
CUST_HOT,493.4
CUST_HOT,417.57
CUST_HOT,490.47
CUST_HOT,261.47
CUST_2,395.04
CUST_HOT,208.91
CUST_HOT,117.76
CUST_HOT,198.66
CUST_HOT,171.1
CUST_HOT,232.47
CUST_HOT,98.8
CUST_HOT,354.92
CUST_HOT,51.62
CUST_HOT,32.09
CUST_HOT,259.86
CUST_6,461.76
CUST_19,385.49
CUST_HOT,441.51
CUST_HOT,353.05
CUST_HOT,475.27
CUST_9,333.0
CUST_13,111.6
CUST_0,80.7
CUST_HOT,457.2
CUST_HOT,390.34
CUST_HOT,284.24
CUST_HOT,457.5
CUST_11,461.75
CUST_2,409.76
CUST_HOT,247.16
CUST_HOT,181.03
CUST_HOT,89.59
CUST_HOT,281.84
CUST_HOT,222.04
CUST_15,356.62
CUST_HOT,475.13
CUST_HOT,294.2
CUST_HOT,320.49
CUST_HOT,81.76
CUST_HOT,214.65
CUST_12,72.43
CUST_HOT,14.0
CUST_HOT,227.24
CUST_HOT,250.01
CUST_HOT,275.13
CUST_HOT,77.81
CUST_HOT,259.34
CUST_HOT,489.93
CUST_HOT,234.96
CUST_HOT,114.23
CUST_HOT,103.56
CUST_HOT,193.59
CUST_6,445.12
CUST_HOT,244.91
CUST_10,60.63
CUST_HOT,208.35
CUST_2,49.52
CUST_13,110.11
CUST_HOT,256.19
CUST_HOT,88.19
CUST_HOT,72.29
CUST_HOT,237.48
CUST_19,490.81
CUST_HOT,143.27
CUST_15,447.99
CUST_HOT,123.43
CUST_HOT,184.21
CUST_17,299.73
CUST_HOT,326.99
CUST_HOT,166.21
CUST_HOT,268.8
CUST_HOT,202.37
CUST_HOT,80.87
CUST_0,23.47
CUST_12,209.55
CUST_HOT,374.36
CUST_HOT,242.3
CUST_HOT,497.91
CUST_HOT,200.93
CUST_HOT,167.23
CUST_HOT,417.03
CUST_HOT,450.75
CUST_0,88.11
CUST_HOT,426.49
CUST_15,91.93
CUST_HOT,401.9
CUST_18,337.22
CUST_HOT,211.31
CUST_HOT,119.58
CUST_HOT,415.41
CUST_HOT,187.41
CUST_HOT,261.52
CUST_HOT,423.73
CUST_HOT,446.85
CUST_HOT,328.68
CUST_HOT,70.39
CUST_HOT,249.19
CUST_HOT,380.34
CUST_HOT,46.89
CUST_HOT,46.19
CUST_HOT,314.18
CUST_HOT,309.76
CUST_HOT,299.9
CUST_HOT,49.4
CUST_HOT,240.66
CUST_HOT,395.57
CUST_HOT,66.15
CUST_HOT,237.71
CUST_HOT,197.29
CUST_HOT,182.11
CUST_3,430.64
CUST_HOT,442.51
CUST_15,358.2
CUST_HOT,499.38
CUST_HOT,235.02
CUST_HOT,342.87
CUST_HOT,465.81
CUST_HOT,411.52
CUST_HOT,156.59
CUST_HOT,425.69
CUST_HOT,146.38
CUST_HOT,339.38
CUST_HOT,430.12
CUST_HOT,408.22
CUST_HOT,339.49
CUST_HOT,386.32
CUST_HOT,24.74
CUST_HOT,456.76
CUST_HOT,228.6
CUST_HOT,150.75
CUST_HOT,228.38
CUST_19,194.91
CUST_HOT,73.04
CUST_1,84.21
CUST_HOT,477.27
CUST_HOT,431.94
CUST_HOT,191.14
CUST_HOT,226.02
CUST_8,176.44
CUST_HOT,371.02
CUST_HOT,44.49
CUST_HOT,189.27
CUST_HOT,333.38
CUST_HOT,24.86
CUST_HOT,384.58
CUST_HOT,57.28
CUST_HOT,33.14
CUST_HOT,458.93
CUST_HOT,147.9
CUST_HOT,148.31
CUST_11,295.81
CUST_HOT,471.58
CUST_19,71.15
CUST_HOT,456.13
CUST_HOT,196.29
CUST_HOT,377.14
CUST_HOT,260.65
CUST_HOT,374.94
CUST_2,488.21
CUST_HOT,312.39
CUST_13,162.9
CUST_15,252.81
CUST_HOT,125.32
CUST_14,191.25
CUST_19,209.88
CUST_17,199.84
CUST_18,351.23
CUST_HOT,382.45
CUST_HOT,139.42
CUST_HOT,27.16
CUST_HOT,410.97
CUST_HOT,402.81
CUST_HOT,127.02
CUST_HOT,457.17
CUST_HOT,119.33
CUST_HOT,57.98
CUST_HOT,202.89
CUST_HOT,216.64
CUST_HOT,34.69
CUST_HOT,74.71
CUST_HOT,139.24
CUST_HOT,384.37
CUST_HOT,61.78
CUST_1,78.64
CUST_14,417.42
CUST_HOT,474.5
CUST_HOT,278.97
CUST_5,122.32
CUST_HOT,355.62
CUST_HOT,273.66
CUST_HOT,192.6
CUST_HOT,52.47
CUST_HOT,443.41
CUST_HOT,344.85
CUST_HOT,109.4
CUST_8,166.9
CUST_HOT,63.08
CUST_7,360.54
CUST_HOT,56.25
CUST_HOT,114.69
CUST_HOT,494.86
CUST_HOT,420.78
CUST_HOT,147.72
CUST_HOT,403.15
CUST_HOT,483.3
CUST_HOT,357.7
CUST_HOT,307.65
CUST_HOT,354.75
CUST_HOT,369.19
CUST_HOT,148.03
CUST_HOT,233.36
CUST_HOT,396.43
CUST_HOT,104.08
CUST_HOT,50.05
CUST_HOT,181.07
CUST_HOT,100.04
CUST_HOT,330.59
CUST_HOT,461.13
CUST_HOT,21.15
CUST_8,125.47
CUST_HOT,312.54
CUST_HOT,376.56
CUST_HOT,123.42
CUST_HOT,158.31
CUST_HOT,10.52
CUST_HOT,491.55
CUST_HOT,463.35
CUST_HOT,32.95
CUST_HOT,348.48
CUST_HOT,192.33
CUST_HOT,225.07
CUST_1,181.38
CUST_HOT,226.06
CUST_HOT,286.92
CUST_HOT,497.99
CUST_17,227.98
CUST_HOT,48.88
CUST_HOT,388.4
CUST_HOT,217.47
CUST_HOT,183.64
CUST_HOT,463.38
CUST_HOT,71.47
CUST_HOT,38.86
CUST_HOT,225.86
CUST_HOT,120.8
CUST_HOT,24.6
CUST_HOT,392.21
CUST_HOT,30.69
CUST_HOT,225.41
CUST_HOT,397.8
CUST_HOT,85.35
CUST_14,329.2
CUST_HOT,100.05
CUST_HOT,16.33
CUST_HOT,453.61
CUST_HOT,103.0
CUST_HOT,495.95
CUST_HOT,353.64
CUST_HOT,478.19
CUST_HOT,258.32
CUST_HOT,475.43
CUST_HOT,40.84
CUST_HOT,66.82
CUST_11,171.96
CUST_HOT,162.93
CUST_HOT,399.32
CUST_HOT,253.95
CUST_HOT,62.88
CUST_HOT,367.3
CUST_HOT,185.07
CUST_HOT,231.49
CUST_HOT,476.6
CUST_5,57.2
CUST_12,132.6
CUST_HOT,268.25
CUST_HOT,66.07
CUST_HOT,395.62
CUST_HOT,408.78
CUST_7,63.93
CUST_HOT,469.93
CUST_HOT,193.26
CUST_HOT,247.2
CUST_HOT,273.51
CUST_HOT,306.63
CUST_HOT,280.56
CUST_9,57.59
CUST_0,150.72
CUST_0,33.17
CUST_HOT,450.85
CUST_HOT,468.64
CUST_HOT,400.39
CUST_HOT,283.7
CUST_HOT,311.74
CUST_HOT,421.94
CUST_HOT,362.23
CUST_HOT,464.99
CUST_10,119.86
CUST_HOT,422.82
CUST_HOT,166.19
CUST_HOT,238.18
CUST_HOT,314.8
CUST_16,406.42
CUST_HOT,273.27
CUST_HOT,206.22
CUST_HOT,183.49
CUST_HOT,273.56
CUST_6,14.5
CUST_HOT,439.45
CUST_HOT,385.69
CUST_HOT,260.09
CUST_HOT,67.42
CUST_5,268.48
CUST_HOT,235.87
CUST_13,417.65
CUST_12,392.33
CUST_HOT,139.88
CUST_HOT,394.4
CUST_HOT,37.54
CUST_7,282.25
CUST_HOT,485.06
CUST_10,418.7
CUST_HOT,82.6
CUST_HOT,135.95
CUST_12,344.79
CUST_13,205.24
CUST_0,218.69
CUST_HOT,210.27
CUST_HOT,56.88
CUST_HOT,240.88
CUST_HOT,127.42
CUST_HOT,466.46
CUST_HOT,454.12
CUST_HOT,445.48
CUST_HOT,139.85
CUST_HOT,364.8
CUST_HOT,482.24
CUST_HOT,492.48
CUST_HOT,396.55
CUST_HOT,156.73
CUST_HOT,409.27
CUST_HOT,463.47
CUST_HOT,480.11
CUST_12,467.29
CUST_11,350.87
CUST_HOT,211.96
CUST_HOT,86.5
CUST_HOT,277.34
CUST_HOT,83.02
CUST_HOT,130.7
CUST_HOT,381.68
CUST_HOT,351.21
CUST_HOT,244.18
CUST_HOT,479.7
CUST_HOT,366.02
CUST_HOT,403.59
CUST_HOT,100.65
CUST_6,214.81
CUST_16,20.43
CUST_HOT,459.25
CUST_HOT,113.18
CUST_HOT,340.53
CUST_HOT,13.38
CUST_10,39.44
CUST_18,151.72
CUST_HOT,259.34
CUST_HOT,89.44
CUST_HOT,44.63
CUST_HOT,249.91
CUST_3,448.97
CUST_HOT,126.26
CUST_18,453.21
CUST_HOT,58.17
CUST_HOT,276.73
CUST_HOT,17.6
CUST_HOT,94.82
CUST_HOT,478.36
CUST_HOT,16.34
CUST_16,244.09
CUST_HOT,327.16
CUST_HOT,132.36
CUST_HOT,36.92
CUST_HOT,150.69
CUST_HOT,472.32
CUST_HOT,359.83
CUST_HOT,446.92
CUST_HOT,395.13
CUST_HOT,433.97
CUST_HOT,120.54
CUST_HOT,486.98
CUST_HOT,29.99
CUST_HOT,263.13
CUST_HOT,427.82
CUST_11,284.48
CUST_HOT,388.33
CUST_HOT,295.9
CUST_6,262.18
CUST_HOT,23.51
CUST_HOT,352.7
CUST_HOT,94.66
CUST_HOT,182.05
CUST_HOT,345.92
CUST_HOT,178.2
CUST_HOT,200.42
CUST_HOT,359.72
CUST_HOT,15.05
CUST_HOT,190.38
CUST_HOT,171.94
CUST_HOT,472.05
CUST_HOT,280.58
CUST_HOT,90.02
CUST_HOT,81.35
CUST_HOT,373.97
CUST_HOT,304.11
CUST_HOT,47.12
CUST_HOT,123.56
CUST_HOT,54.26
CUST_HOT,490.67
CUST_HOT,30.74
CUST_HOT,52.39
CUST_HOT,223.44
CUST_HOT,408.98
CUST_9,458.71
CUST_HOT,59.69
CUST_HOT,342.48
CUST_HOT,198.2
CUST_0,109.07
CUST_HOT,143.02
CUST_1,328.45
CUST_HOT,40.72
CUST_1,44.62
CUST_HOT,394.17
CUST_HOT,104.84
CUST_6,356.0
CUST_HOT,218.37
CUST_HOT,256.12
CUST_HOT,208.34
CUST_HOT,143.29
CUST_HOT,217.82
CUST_HOT,434.33
CUST_HOT,143.21
CUST_19,45.35
CUST_HOT,115.67
CUST_HOT,80.73
CUST_HOT,17.8
CUST_HOT,121.41
CUST_9,477.9
CUST_HOT,346.58
CUST_HOT,372.39
CUST_HOT,107.55
CUST_HOT,108.21
CUST_HOT,114.87
CUST_HOT,113.84
CUST_HOT,166.95
CUST_HOT,350.22
CUST_HOT,388.88
CUST_7,451.86
CUST_HOT,276.06
CUST_0,86.72
CUST_HOT,322.22
CUST_HOT,271.24
CUST_HOT,61.8
CUST_11,79.85
CUST_HOT,313.06
CUST_HOT,387.66
CUST_HOT,181.02
CUST_HOT,31.26
CUST_2,212.23
CUST_HOT,217.17
CUST_HOT,323.23
CUST_HOT,261.96
CUST_HOT,284.16
CUST_HOT,313.2
CUST_HOT,220.44
CUST_HOT,98.84
CUST_HOT,494.7
CUST_HOT,140.43
CUST_HOT,434.57
CUST_HOT,42.89
CUST_3,433.97
CUST_HOT,80.38
CUST_HOT,68.92
CUST_HOT,413.96
CUST_HOT,265.89
CUST_HOT,33.93
CUST_HOT,21.43
CUST_HOT,367.76
CUST_9,144.14
CUST_10,425.91
CUST_HOT,13.82
CUST_HOT,295.77
CUST_HOT,152.14
CUST_HOT,160.72
CUST_HOT,27.76
CUST_19,44.48
CUST_HOT,10.45
CUST_HOT,122.17
CUST_HOT,446.43
CUST_HOT,421.54
CUST_HOT,240.94
CUST_HOT,239.34
CUST_HOT,276.69
CUST_HOT,109.54
CUST_HOT,264.77
CUST_HOT,303.81
CUST_HOT,109.13
CUST_HOT,262.77
CUST_HOT,121.64
CUST_HOT,362.48
CUST_HOT,388.08
CUST_HOT,358.73
CUST_3,398.87
CUST_HOT,331.05
CUST_19,425.75
CUST_HOT,163.76
CUST_HOT,105.95
CUST_HOT,466.56
CUST_HOT,436.43
CUST_HOT,207.69
CUST_4,180.75
CUST_16,115.08
CUST_HOT,261.72
CUST_HOT,420.32
CUST_HOT,148.59
CUST_6,11.32
CUST_HOT,69.61
CUST_HOT,59.57
CUST_HOT,401.99
CUST_HOT,51.87
CUST_HOT,406.98
CUST_HOT,139.25
CUST_HOT,356.09
CUST_HOT,120.47
CUST_HOT,249.82
CUST_HOT,59.44
CUST_HOT,469.89
CUST_HOT,366.46
CUST_HOT,122.35
CUST_HOT,178.12
CUST_HOT,15.17
CUST_HOT,43.85
CUST_HOT,64.31
CUST_HOT,298.9
CUST_HOT,335.9
CUST_HOT,159.68
CUST_HOT,399.76
CUST_HOT,413.81
CUST_10,386.81
CUST_HOT,238.24
CUST_HOT,476.1
CUST_HOT,25.35
CUST_HOT,205.49
CUST_HOT,269.27
CUST_HOT,42.49
CUST_6,296.67
CUST_HOT,314.75
CUST_HOT,163.09
CUST_7,138.84
CUST_HOT,358.04
CUST_HOT,423.11
CUST_HOT,415.94
CUST_12,228.48
CUST_HOT,186.39
CUST_HOT,242.05
CUST_5,47.26
CUST_HOT,449.3
CUST_HOT,415.3
CUST_HOT,221.41
CUST_HOT,138.42
CUST_HOT,316.96
CUST_HOT,113.86
CUST_HOT,48.41
CUST_HOT,120.91
CUST_HOT,89.33
CUST_HOT,244.07
CUST_HOT,478.29
CUST_HOT,68.81
CUST_HOT,344.34
CUST_HOT,183.01
CUST_HOT,187.66
CUST_HOT,322.17
CUST_9,207.2
CUST_HOT,116.87
CUST_HOT,487.65
CUST_HOT,28.48
CUST_HOT,140.43
CUST_HOT,381.18
CUST_HOT,287.52
CUST_6,198.96
CUST_HOT,474.32
CUST_HOT,433.63
CUST_HOT,59.43
CUST_HOT,452.03
CUST_HOT,345.49
CUST_HOT,363.59
CUST_HOT,24.51
CUST_HOT,481.96
CUST_HOT,356.75
CUST_HOT,254.5
CUST_HOT,354.35
CUST_18,215.57
CUST_HOT,13.09
CUST_HOT,154.92
CUST_HOT,488.71
CUST_HOT,271.15
CUST_HOT,201.43
CUST_HOT,92.76
CUST_HOT,221.76
CUST_HOT,163.73
CUST_HOT,48.97
CUST_HOT,428.05
CUST_1,310.8
CUST_HOT,88.52
CUST_HOT,103.05
CUST_HOT,381.68
CUST_HOT,39.07
CUST_HOT,117.45
CUST_HOT,494.98
CUST_HOT,104.23
CUST_4,26.21
CUST_HOT,224.43
CUST_HOT,160.93
CUST_3,365.9
CUST_HOT,435.94
CUST_HOT,359.49
CUST_HOT,401.38
CUST_HOT,105.01
CUST_HOT,91.95
CUST_HOT,246.62
CUST_HOT,215.05
CUST_HOT,490.24
CUST_HOT,488.47
CUST_HOT,180.79
CUST_HOT,265.29
CUST_HOT,449.37
CUST_HOT,361.74
CUST_HOT,499.03
CUST_3,485.74
CUST_16,90.34
CUST_HOT,140.15
CUST_HOT,453.69
CUST_HOT,163.72
CUST_9,297.81
CUST_HOT,354.39
CUST_HOT,416.77
CUST_18,325.82
CUST_HOT,256.97
CUST_HOT,95.46
CUST_HOT,221.54
CUST_HOT,54.16
CUST_HOT,177.59
CUST_HOT,431.28
CUST_HOT,214.85
CUST_HOT,128.96
CUST_HOT,378.51
CUST_HOT,113.62
CUST_HOT,341.89
CUST_HOT,102.21
CUST_HOT,399.74
CUST_HOT,486.21
CUST_18,167.62
CUST_HOT,249.33
CUST_6,377.39
CUST_HOT,367.53
CUST_HOT,88.4
CUST_HOT,495.13
CUST_HOT,140.45
CUST_HOT,408.73
CUST_HOT,189.99
CUST_HOT,481.58
CUST_HOT,290.71
CUST_HOT,355.05
CUST_HOT,85.65
CUST_HOT,310.1
CUST_HOT,116.17
CUST_HOT,84.57
CUST_HOT,431.3
CUST_HOT,400.16
CUST_15,462.97
CUST_HOT,421.15
CUST_HOT,138.79
CUST_HOT,26.34
CUST_HOT,436.41
CUST_HOT,200.47
CUST_HOT,407.11
CUST_15,71.37
CUST_HOT,159.19
CUST_HOT,382.88
CUST_12,117.63
CUST_HOT,105.36
CUST_HOT,281.32
CUST_HOT,320.04
CUST_HOT,16.1
CUST_HOT,424.26
CUST_13,358.63
CUST_HOT,398.58
CUST_2,140.82
CUST_HOT,95.21
CUST_HOT,267.12
CUST_HOT,15.94
CUST_14,393.54
CUST_HOT,334.06
CUST_HOT,173.47
CUST_HOT,250.78
CUST_HOT,270.4
CUST_HOT,347.72
CUST_8,298.06
CUST_17,380.27
CUST_HOT,38.71
CUST_HOT,31.92
CUST_HOT,250.8
CUST_HOT,135.62
CUST_HOT,21.03
CUST_HOT,433.94
CUST_HOT,127.08
CUST_HOT,472.2
CUST_HOT,191.1
CUST_HOT,129.09
CUST_HOT,202.77
CUST_HOT,126.03
CUST_HOT,396.63
CUST_HOT,132.31
CUST_HOT,81.41
CUST_19,52.45
CUST_8,286.05
CUST_HOT,298.39
CUST_15,383.24
CUST_HOT,179.55
CUST_HOT,311.78
CUST_HOT,70.2
CUST_HOT,206.69
CUST_18,212.61
CUST_HOT,65.46
CUST_HOT,276.54
CUST_HOT,424.55
CUST_15,97.15
CUST_HOT,196.36
CUST_17,426.65
CUST_HOT,306.74
CUST_HOT,202.46
CUST_HOT,216.19
CUST_HOT,193.59
CUST_HOT,57.78
CUST_2,421.02
CUST_HOT,101.55
CUST_HOT,290.1
CUST_HOT,26.57
CUST_HOT,296.74
CUST_HOT,111.47
CUST_HOT,380.98
CUST_HOT,298.13
CUST_HOT,26.9
CUST_4,22.95
CUST_HOT,192.54
CUST_HOT,273.51
CUST_HOT,264.96
CUST_HOT,325.79
CUST_HOT,182.21
CUST_HOT,325.43
CUST_HOT,80.78
CUST_HOT,98.34
CUST_HOT,384.21
CUST_HOT,348.3
CUST_HOT,442.14
CUST_HOT,251.43
CUST_HOT,401.51
CUST_HOT,384.18
CUST_HOT,201.32
CUST_HOT,184.32
CUST_HOT,430.52
CUST_6,290.85
CUST_7,186.31
CUST_HOT,231.16
CUST_HOT,372.32
CUST_HOT,368.03
CUST_17,104.92
CUST_0,25.61
CUST_7,394.5
CUST_HOT,302.44
CUST_HOT,99.25
CUST_HOT,280.85
CUST_HOT,80.17
CUST_HOT,383.71
CUST_HOT,402.44
CUST_HOT,171.76
CUST_6,132.98
CUST_HOT,147.4
CUST_HOT,453.05
CUST_HOT,431.64
CUST_HOT,358.02
CUST_HOT,129.87
CUST_HOT,399.74
CUST_19,480.49
CUST_HOT,243.17
CUST_HOT,278.93
CUST_HOT,408.09
CUST_HOT,217.31
CUST_HOT,128.92
CUST_HOT,467.21
CUST_HOT,282.42
CUST_HOT,183.21
CUST_15,342.08
CUST_HOT,182.64
CUST_HOT,100.82
CUST_HOT,384.97
CUST_HOT,375.91
CUST_HOT,441.82
CUST_HOT,116.22
CUST_HOT,309.86
CUST_HOT,39.78
CUST_HOT,474.16
CUST_HOT,370.54
CUST_HOT,264.41
CUST_HOT,202.3
CUST_HOT,89.43
CUST_HOT,300.89
CUST_HOT,394.14
CUST_HOT,216.11
CUST_HOT,183.33
CUST_HOT,346.88
CUST_10,257.1
CUST_HOT,283.59
CUST_HOT,140.62
CUST_4,30.96
CUST_HOT,382.63
CUST_HOT,120.67
CUST_16,356.21
CUST_HOT,242.73
CUST_HOT,168.02
CUST_HOT,190.99
CUST_HOT,406.83
CUST_HOT,174.17
CUST_HOT,390.65
CUST_HOT,259.19
CUST_HOT,195.87
CUST_HOT,493.6
CUST_HOT,45.47
CUST_HOT,302.97
CUST_HOT,165.85
CUST_HOT,22.75
CUST_HOT,474.94
CUST_HOT,47.29
CUST_HOT,176.51
CUST_HOT,380.46
CUST_HOT,149.39
CUST_HOT,25.4
CUST_HOT,29.38
CUST_HOT,249.66
CUST_9,43.19
CUST_HOT,29.5
CUST_13,206.54
CUST_HOT,78.81
CUST_HOT,148.47
CUST_2,395.75
CUST_HOT,389.86
CUST_HOT,445.59
CUST_HOT,149.53
CUST_17,450.05
CUST_HOT,27.38
CUST_HOT,142.44
CUST_HOT,225.88
CUST_HOT,108.69
CUST_HOT,30.73
CUST_HOT,367.91
CUST_HOT,79.22
CUST_HOT,309.8
CUST_HOT,498.63
CUST_HOT,327.55
CUST_HOT,29.54
CUST_HOT,426.45
CUST_HOT,254.79
CUST_HOT,38.83
CUST_HOT,290.69
CUST_HOT,472.87
CUST_HOT,123.33
CUST_HOT,407.74
CUST_HOT,400.28
CUST_13,422.0
CUST_HOT,68.88
CUST_HOT,23.52
CUST_4,355.63
CUST_18,153.3
CUST_HOT,291.87
CUST_HOT,379.1
CUST_HOT,160.8
CUST_HOT,382.77
CUST_HOT,357.63
CUST_HOT,62.77
CUST_HOT,153.9
CUST_HOT,14.72
CUST_HOT,311.23
CUST_HOT,58.16
CUST_HOT,33.0
CUST_HOT,484.33
CUST_HOT,270.83
CUST_HOT,215.39
CUST_0,102.33
CUST_HOT,61.54
CUST_HOT,19.85
CUST_HOT,447.14
CUST_HOT,431.89
CUST_HOT,194.76
CUST_HOT,294.01
CUST_HOT,443.06
CUST_HOT,16.17
CUST_HOT,362.19
CUST_5,455.28
CUST_12,168.64
CUST_HOT,359.09
CUST_HOT,286.74
CUST_HOT,90.0
CUST_HOT,53.1
CUST_HOT,51.9
CUST_HOT,16.86
CUST_HOT,120.91
CUST_HOT,438.9
CUST_18,36.89
CUST_HOT,482.61
CUST_HOT,106.66
CUST_HOT,277.03
CUST_HOT,218.04
CUST_11,155.88
CUST_HOT,70.63
CUST_HOT,184.53
CUST_HOT,136.32
CUST_HOT,302.72
CUST_19,386.01
CUST_HOT,375.27
CUST_HOT,139.53
CUST_HOT,384.95
CUST_HOT,138.54
CUST_HOT,155.72
CUST_HOT,98.7
CUST_HOT,67.12
CUST_HOT,161.06
CUST_16,437.04
CUST_HOT,322.12
CUST_HOT,59.61
CUST_5,374.79
CUST_HOT,418.35
CUST_HOT,334.41
CUST_HOT,271.78
CUST_HOT,261.19
CUST_HOT,294.26
CUST_HOT,342.48
CUST_0,244.1
CUST_HOT,92.54
CUST_HOT,499.63
CUST_HOT,131.2
CUST_HOT,405.11
CUST_0,38.04
CUST_HOT,129.18
CUST_HOT,162.77
CUST_5,444.61
CUST_HOT,431.23
CUST_HOT,314.41
CUST_HOT,228.56
CUST_HOT,60.67
CUST_1,72.46
CUST_3,35.66
CUST_HOT,316.98
CUST_HOT,185.66
CUST_12,496.2
CUST_HOT,254.3
CUST_HOT,473.08
CUST_HOT,365.12
CUST_HOT,377.41
CUST_0,288.03
CUST_7,252.92
CUST_HOT,365.66
CUST_HOT,133.3
CUST_HOT,116.93
CUST_HOT,121.31
CUST_HOT,356.7
CUST_HOT,338.9
CUST_HOT,305.16
CUST_HOT,444.37
CUST_HOT,327.45
CUST_HOT,181.47
CUST_HOT,407.69
CUST_HOT,134.73
CUST_HOT,73.31
CUST_12,272.62
CUST_HOT,275.08
CUST_HOT,33.67
CUST_7,331.53
CUST_HOT,26.11
CUST_HOT,492.52
CUST_HOT,487.2
CUST_HOT,36.06
CUST_HOT,15.75
CUST_HOT,375.63
CUST_HOT,33.43
CUST_HOT,467.8
CUST_HOT,172.64
CUST_HOT,196.5
CUST_HOT,109.92
CUST_HOT,296.82
CUST_HOT,18.78
CUST_HOT,167.03
CUST_HOT,214.1
CUST_HOT,285.51
CUST_HOT,337.13
CUST_HOT,262.55
CUST_HOT,290.09
CUST_HOT,440.14
CUST_HOT,123.89
CUST_HOT,323.84
CUST_HOT,335.74
CUST_HOT,453.27
CUST_HOT,186.11
CUST_HOT,231.03
CUST_HOT,29.2
CUST_HOT,194.91
CUST_11,432.46
CUST_HOT,470.11
CUST_HOT,221.71
CUST_HOT,16.31
CUST_HOT,193.95
CUST_5,97.11
CUST_HOT,357.95
CUST_0,383.86
CUST_HOT,378.3
CUST_HOT,495.61
CUST_HOT,193.8
CUST_HOT,330.62
CUST_HOT,166.9
CUST_HOT,375.25
CUST_HOT,256.0
CUST_HOT,263.81
CUST_HOT,45.81
CUST_HOT,385.62
CUST_HOT,491.16
CUST_HOT,286.01
CUST_HOT,495.23
CUST_HOT,41.25
CUST_HOT,52.25
CUST_HOT,123.1
CUST_HOT,303.86
CUST_8,245.28
CUST_0,293.78
CUST_11,20.82
CUST_HOT,313.6
CUST_HOT,23.77
CUST_HOT,454.62
CUST_HOT,486.27
CUST_3,167.09
CUST_11,320.42
CUST_HOT,238.72
CUST_18,321.26
CUST_12,396.11
CUST_HOT,53.82
CUST_1,469.14
CUST_HOT,29.61
CUST_7,157.34
CUST_HOT,485.8
CUST_16,31.24
CUST_HOT,261.68
CUST_HOT,37.42
CUST_7,321.2
CUST_HOT,179.05
CUST_HOT,48.17
CUST_HOT,375.12
CUST_HOT,464.13
CUST_HOT,254.43
CUST_HOT,21.01
CUST_HOT,129.42
CUST_HOT,228.87
CUST_HOT,102.42
CUST_HOT,331.2
CUST_HOT,475.88
CUST_HOT,302.66
CUST_HOT,239.92
CUST_HOT,234.54
CUST_HOT,67.39
CUST_17,325.32
CUST_HOT,372.35
CUST_HOT,240.04
CUST_HOT,270.49
CUST_HOT,458.49
CUST_HOT,278.94
CUST_HOT,210.62
CUST_HOT,239.53
CUST_HOT,491.68
CUST_HOT,269.13
CUST_8,84.63
CUST_HOT,497.05
CUST_HOT,152.55
CUST_HOT,330.79
CUST_HOT,287.1
CUST_HOT,135.02
CUST_HOT,491.72
CUST_5,415.95
CUST_9,429.8
CUST_HOT,454.05
CUST_HOT,485.04
CUST_HOT,469.97
CUST_HOT,227.66
CUST_16,325.93
CUST_HOT,467.97
CUST_HOT,212.51
CUST_HOT,137.59
CUST_HOT,434.75
CUST_HOT,499.41
CUST_HOT,58.11
CUST_HOT,342.11
CUST_16,79.6
CUST_17,45.2
CUST_HOT,138.71
CUST_HOT,153.3
CUST_4,165.16
CUST_HOT,499.43
CUST_HOT,182.26
CUST_16,279.24
CUST_HOT,309.59
CUST_HOT,408.52
CUST_HOT,121.79
CUST_HOT,260.83
CUST_HOT,443.16
CUST_HOT,355.06
CUST_HOT,29.79
CUST_8,293.8
CUST_8,57.12
CUST_HOT,43.04
CUST_HOT,276.53
CUST_HOT,395.87
CUST_HOT,186.47
CUST_HOT,282.2
CUST_HOT,197.97
CUST_HOT,347.28
CUST_HOT,239.54
CUST_HOT,351.05
CUST_HOT,415.87
CUST_6,318.79
CUST_HOT,110.4
CUST_HOT,404.2
CUST_HOT,477.13
CUST_HOT,259.47
CUST_HOT,341.93
CUST_5,395.52
CUST_HOT,243.45
CUST_HOT,215.67
CUST_HOT,457.45
CUST_10,280.61
CUST_11,165.8
CUST_5,202.15
CUST_HOT,115.67
CUST_14,250.69
CUST_HOT,189.01
CUST_HOT,170.62
CUST_HOT,342.92
CUST_HOT,352.22
CUST_5,233.74
CUST_HOT,43.76
CUST_HOT,255.23
CUST_HOT,121.21
CUST_HOT,213.26
CUST_HOT,168.67
CUST_HOT,309.75
CUST_HOT,220.16
CUST_HOT,327.9
CUST_HOT,65.17
CUST_HOT,161.54
CUST_HOT,401.49
CUST_17,351.33
CUST_HOT,37.93
CUST_HOT,76.27
CUST_HOT,415.33
CUST_13,236.48
CUST_HOT,193.85
CUST_HOT,328.76
CUST_HOT,43.38
CUST_HOT,449.2
CUST_10,66.62
CUST_4,448.22
CUST_6,224.04
CUST_HOT,226.19
CUST_HOT,94.94
CUST_HOT,150.9
CUST_HOT,302.56
CUST_HOT,206.26
CUST_HOT,249.17
CUST_HOT,405.1
CUST_HOT,294.5
CUST_18,260.81
CUST_HOT,157.11
CUST_HOT,120.61
CUST_HOT,423.48
CUST_HOT,395.43
CUST_HOT,477.33
CUST_HOT,325.5
CUST_9,373.37
CUST_HOT,59.64
CUST_HOT,448.78
CUST_HOT,422.65
CUST_HOT,445.32
CUST_19,228.18
CUST_HOT,224.39
CUST_0,262.04
CUST_HOT,214.02
CUST_11,215.9
CUST_HOT,57.4
CUST_HOT,316.43
CUST_HOT,389.88
CUST_HOT,169.25
CUST_HOT,276.53
CUST_HOT,321.06
CUST_HOT,237.09
CUST_HOT,426.8
CUST_HOT,445.04
CUST_HOT,305.15
CUST_HOT,276.45
CUST_HOT,309.04
CUST_HOT,29.65
CUST_HOT,47.18
CUST_HOT,200.69
CUST_HOT,143.36
CUST_HOT,345.92
CUST_2,25.7
CUST_7,171.42
CUST_HOT,476.68
CUST_HOT,247.27
CUST_HOT,439.46
CUST_HOT,433.23
CUST_HOT,470.88
CUST_HOT,277.76
CUST_HOT,273.97
CUST_11,430.47
CUST_HOT,347.23
CUST_HOT,344.76
CUST_HOT,19.85
CUST_HOT,177.6
CUST_HOT,154.23
CUST_4,269.02
CUST_HOT,124.24
CUST_HOT,116.1
CUST_HOT,485.49
CUST_HOT,182.2
CUST_HOT,197.86
CUST_HOT,478.97
CUST_HOT,243.94
CUST_HOT,118.22
CUST_HOT,399.74
CUST_HOT,51.43
CUST_HOT,349.16
CUST_HOT,334.14
CUST_HOT,229.42
CUST_HOT,192.85
CUST_HOT,40.41
CUST_HOT,356.86
CUST_HOT,103.98
CUST_HOT,210.84
CUST_17,62.74
CUST_11,91.86
CUST_HOT,153.41
CUST_HOT,132.06
CUST_HOT,59.38
CUST_5,300.79
CUST_HOT,203.63
CUST_HOT,461.27
CUST_HOT,323.73
CUST_6,92.12
CUST_HOT,448.07
CUST_14,205.45
CUST_HOT,397.22
CUST_HOT,43.36
CUST_HOT,378.95
CUST_HOT,310.74
CUST_2,169.79
CUST_HOT,188.23
CUST_HOT,404.0
CUST_HOT,49.57
CUST_15,28.16
CUST_HOT,326.01
CUST_HOT,241.74
CUST_HOT,433.2
CUST_HOT,23.29
CUST_HOT,498.33
CUST_HOT,395.7
CUST_HOT,218.2
CUST_HOT,39.45
CUST_HOT,59.53
CUST_1,232.4
CUST_HOT,32.86
CUST_HOT,176.35
CUST_4,185.27
CUST_HOT,303.21
CUST_HOT,446.48
CUST_HOT,109.62
CUST_HOT,31.06
CUST_17,49.12
CUST_HOT,149.09
CUST_HOT,369.36
CUST_HOT,124.8
CUST_HOT,378.4
CUST_HOT,237.75
CUST_HOT,318.61
CUST_HOT,24.07
CUST_18,303.09
CUST_HOT,409.13
CUST_HOT,477.27
CUST_HOT,243.09
CUST_HOT,345.3
CUST_HOT,137.47
CUST_HOT,130.98
CUST_8,32.23
CUST_HOT,392.38
CUST_HOT,277.2
CUST_HOT,484.18
CUST_HOT,351.19
CUST_HOT,168.23
CUST_2,442.36
CUST_HOT,133.87
CUST_19,442.52
CUST_HOT,184.39
CUST_HOT,126.16
CUST_HOT,394.1
CUST_HOT,126.52
CUST_HOT,402.15
CUST_HOT,137.28
CUST_HOT,118.17
CUST_HOT,35.52
CUST_HOT,64.43
CUST_HOT,180.07
CUST_HOT,223.23
CUST_HOT,218.88
CUST_1,138.45
CUST_HOT,256.29
CUST_15,110.67
CUST_HOT,391.85
CUST_HOT,47.4
CUST_HOT,353.25
CUST_HOT,253.16
CUST_5,245.41
CUST_HOT,12.06
CUST_HOT,277.39
CUST_HOT,10.94
CUST_HOT,441.17
CUST_HOT,147.03
CUST_HOT,478.8
CUST_HOT,478.43
CUST_HOT,283.13
CUST_HOT,287.86
CUST_7,273.36
CUST_8,88.93
CUST_HOT,216.35
CUST_HOT,353.25
CUST_8,307.27
CUST_HOT,49.57
CUST_2,20.25
CUST_HOT,288.27
CUST_HOT,181.04
CUST_HOT,465.96
CUST_HOT,335.87
CUST_HOT,48.83
CUST_HOT,241.48
CUST_HOT,257.08
CUST_HOT,448.38
CUST_HOT,323.41
CUST_HOT,322.67
CUST_3,360.11
CUST_HOT,385.15
CUST_HOT,408.57
CUST_HOT,328.09
CUST_HOT,283.71
CUST_HOT,178.8
CUST_HOT,316.47
CUST_HOT,214.59
CUST_HOT,310.99
CUST_HOT,70.97
CUST_HOT,425.48
CUST_3,53.62
CUST_HOT,475.48
CUST_HOT,181.61
CUST_11,165.4
CUST_5,409.52
CUST_HOT,145.67
CUST_HOT,438.01
CUST_HOT,32.21
CUST_HOT,236.96
CUST_HOT,281.68
CUST_7,362.28
CUST_4,243.57
CUST_HOT,256.21
CUST_16,471.41
CUST_HOT,487.55
CUST_HOT,78.05
CUST_HOT,311.7
CUST_HOT,73.82
CUST_HOT,86.42
CUST_HOT,380.58
CUST_HOT,389.93
CUST_HOT,20.12
CUST_HOT,163.3
CUST_HOT,207.3
CUST_HOT,398.37
CUST_HOT,232.28
CUST_HOT,373.22
CUST_HOT,91.76
CUST_14,449.46
CUST_HOT,287.28
CUST_HOT,154.07
CUST_HOT,138.73
CUST_HOT,110.14
CUST_HOT,131.51
CUST_HOT,55.24
CUST_HOT,394.53
CUST_HOT,396.67
CUST_HOT,112.81
CUST_17,219.06
CUST_HOT,158.8
CUST_1,122.07
CUST_HOT,258.5
CUST_12,115.86
CUST_10,279.94
CUST_HOT,133.91
CUST_HOT,474.49
CUST_HOT,183.76
CUST_HOT,115.4
CUST_HOT,278.57
CUST_HOT,485.99
CUST_10,397.6
CUST_HOT,211.58
CUST_HOT,287.03
CUST_HOT,467.06
CUST_HOT,232.37
CUST_HOT,380.3
CUST_HOT,113.93
CUST_HOT,400.98
CUST_HOT,280.08
CUST_HOT,133.4
CUST_13,429.97
CUST_HOT,353.73
CUST_HOT,134.5
CUST_HOT,457.62
CUST_HOT,320.74
CUST_HOT,425.38
CUST_HOT,70.61
CUST_HOT,209.79
CUST_HOT,213.86
CUST_HOT,252.8
CUST_1,80.35
CUST_HOT,40.26
CUST_HOT,390.9
CUST_HOT,121.68
CUST_HOT,283.47
CUST_HOT,13.37
CUST_HOT,247.75
CUST_HOT,121.49
CUST_HOT,133.76
CUST_HOT,495.59
CUST_18,340.17
CUST_3,98.45
CUST_HOT,407.6
CUST_0,163.06
CUST_HOT,223.86
CUST_HOT,387.02
CUST_13,473.15
CUST_HOT,498.17
CUST_8,241.19
CUST_HOT,499.75
CUST_HOT,117.98
CUST_HOT,371.65
CUST_HOT,433.75
CUST_HOT,301.6
CUST_HOT,92.77
CUST_HOT,285.18
CUST_HOT,92.35
CUST_HOT,146.02
CUST_8,128.31
CUST_18,78.01
CUST_HOT,48.86
CUST_HOT,343.7
CUST_HOT,219.16
CUST_HOT,204.75
CUST_HOT,42.9
CUST_HOT,216.24
CUST_HOT,476.02
CUST_8,411.7
CUST_HOT,466.99
CUST_HOT,90.88
CUST_HOT,368.32
CUST_HOT,480.91
CUST_3,465.29
CUST_2,335.41
CUST_HOT,392.41
CUST_HOT,478.24
CUST_HOT,184.83
CUST_1,84.61
CUST_HOT,65.92
CUST_HOT,362.74
CUST_HOT,393.89
CUST_HOT,154.71
CUST_HOT,340.99
CUST_HOT,195.31
CUST_HOT,349.22
CUST_9,200.58
CUST_HOT,284.54
CUST_HOT,446.19
CUST_HOT,124.48
CUST_HOT,444.4
CUST_HOT,30.19
CUST_HOT,243.97
CUST_HOT,197.44
CUST_HOT,259.78
CUST_HOT,278.75
CUST_HOT,397.2
CUST_HOT,393.78
CUST_HOT,345.75
CUST_HOT,234.39
CUST_HOT,423.88
CUST_HOT,383.13
CUST_HOT,213.42
CUST_HOT,261.53
CUST_HOT,358.1
CUST_HOT,176.32
CUST_HOT,50.57
CUST_HOT,424.86
CUST_HOT,288.28
CUST_HOT,367.48
CUST_HOT,92.8
CUST_HOT,47.96
CUST_14,411.58
CUST_HOT,287.67
CUST_HOT,27.35
CUST_HOT,121.97
CUST_HOT,478.27
CUST_HOT,178.95
CUST_HOT,429.84
CUST_HOT,362.85
CUST_HOT,21.55
CUST_HOT,29.59
CUST_HOT,139.45
CUST_HOT,268.08
CUST_HOT,395.85
CUST_HOT,297.21
CUST_HOT,352.02
CUST_HOT,436.49
CUST_HOT,124.3
CUST_HOT,303.37
CUST_HOT,294.68
CUST_9,339.9
CUST_HOT,29.14
CUST_HOT,141.74
CUST_13,31.59
CUST_17,71.44
CUST_4,338.37
CUST_HOT,205.64
CUST_HOT,121.81
CUST_HOT,423.33
CUST_HOT,417.82
CUST_17,209.54
CUST_HOT,307.43
CUST_9,102.04
CUST_HOT,185.49
CUST_HOT,205.73
CUST_HOT,186.55
CUST_HOT,285.81
CUST_HOT,405.98
CUST_HOT,196.81
CUST_HOT,79.09
CUST_HOT,198.28
CUST_11,314.77
CUST_HOT,407.06
CUST_HOT,333.25
CUST_HOT,453.94
CUST_HOT,442.3
CUST_HOT,410.82
CUST_HOT,384.43
CUST_HOT,157.35
CUST_HOT,320.46
CUST_4,191.29
CUST_HOT,234.0
CUST_HOT,483.51
CUST_HOT,299.42
CUST_HOT,190.84
CUST_HOT,293.56
CUST_16,121.6
CUST_HOT,296.92
CUST_HOT,106.24
CUST_HOT,214.04
CUST_1,480.33
CUST_HOT,318.17
CUST_HOT,108.41
CUST_HOT,206.01
CUST_HOT,144.3
CUST_HOT,51.19
CUST_HOT,484.3
CUST_HOT,448.43
CUST_19,126.49
CUST_HOT,122.48
CUST_8,166.15
CUST_HOT,222.99
CUST_HOT,194.47
CUST_1,385.27
CUST_HOT,93.71
CUST_13,179.04
CUST_HOT,362.06
CUST_HOT,244.08
CUST_HOT,370.11
CUST_HOT,200.17
CUST_HOT,423.49
CUST_HOT,459.76
CUST_HOT,319.74
CUST_HOT,66.44
CUST_HOT,104.29
CUST_HOT,303.99
CUST_HOT,365.35
CUST_HOT,462.92
CUST_HOT,193.23
CUST_HOT,118.72
CUST_HOT,40.33
CUST_HOT,53.52
CUST_3,312.73
CUST_HOT,122.65
CUST_HOT,181.03
CUST_HOT,298.68
CUST_6,249.69
CUST_12,221.64
CUST_HOT,424.44
CUST_HOT,13.41
CUST_HOT,127.5
CUST_HOT,187.65
CUST_HOT,13.12
CUST_HOT,458.13
CUST_18,101.27
CUST_HOT,80.27
CUST_8,78.06
CUST_HOT,28.6
CUST_13,311.55
CUST_HOT,394.22
CUST_HOT,105.51
CUST_HOT,434.04
CUST_HOT,367.36
CUST_HOT,15.8
CUST_HOT,253.28
CUST_6,285.75
CUST_HOT,118.69
CUST_HOT,195.85
CUST_0,350.36
CUST_HOT,471.64
CUST_HOT,161.88
CUST_HOT,284.32
CUST_HOT,24.59
CUST_HOT,61.46
CUST_6,35.25
CUST_HOT,445.7
CUST_HOT,15.05
CUST_HOT,147.32
CUST_HOT,331.18
CUST_HOT,477.99
CUST_HOT,47.04
CUST_HOT,450.37
CUST_HOT,495.95
CUST_5,100.41
CUST_HOT,414.16
CUST_HOT,55.64
CUST_12,447.86
CUST_HOT,137.28
CUST_HOT,206.58
CUST_HOT,125.63
CUST_2,16.27
CUST_HOT,44.24
CUST_17,16.83
CUST_HOT,441.45
CUST_HOT,146.92
CUST_HOT,448.15
CUST_HOT,439.44
CUST_19,124.9
CUST_17,385.32
CUST_HOT,160.95
CUST_HOT,370.66
CUST_HOT,142.01
CUST_3,54.51
CUST_HOT,121.08
CUST_HOT,64.63
CUST_7,126.99
CUST_3,251.62
CUST_HOT,167.35
CUST_HOT,259.67
CUST_HOT,172.32
CUST_HOT,174.11
CUST_HOT,399.62
CUST_HOT,349.64
CUST_1,247.04
CUST_HOT,231.35
CUST_HOT,102.97
CUST_HOT,445.93
CUST_HOT,297.91
CUST_12,256.88
CUST_14,474.6
CUST_HOT,242.55
CUST_HOT,196.69
CUST_8,474.86
CUST_HOT,97.44
CUST_19,32.2
CUST_HOT,42.42
CUST_HOT,442.88
CUST_HOT,142.85
CUST_HOT,32.27
CUST_4,368.06
CUST_6,454.15
CUST_HOT,452.21
CUST_11,343.5
CUST_HOT,464.26
CUST_HOT,15.42
CUST_HOT,237.33
CUST_16,462.44
CUST_HOT,89.63
CUST_18,202.92
CUST_HOT,282.73
CUST_4,341.74
CUST_HOT,453.07
CUST_HOT,191.49
CUST_4,451.56
CUST_HOT,12.55
CUST_HOT,414.65
CUST_HOT,164.46
CUST_HOT,369.42
CUST_12,208.42
CUST_HOT,453.59
CUST_HOT,401.53
CUST_HOT,141.11
CUST_HOT,235.84
CUST_HOT,207.41
CUST_15,419.39
CUST_HOT,381.88
CUST_6,253.88
CUST_HOT,436.02
CUST_HOT,38.68
CUST_HOT,237.59
CUST_HOT,475.88
CUST_HOT,42.02
CUST_7,429.0
CUST_HOT,224.52
CUST_HOT,25.35
CUST_9,261.94
CUST_HOT,481.74
CUST_HOT,356.39
CUST_HOT,397.87
CUST_17,257.08
CUST_10,175.53
CUST_3,124.67
CUST_1,191.71
CUST_HOT,64.41
CUST_HOT,86.08
CUST_HOT,224.03
CUST_HOT,132.82
CUST_2,173.23
CUST_HOT,16.03
CUST_HOT,408.6
CUST_HOT,92.73
CUST_9,151.08
CUST_17,272.09
CUST_HOT,332.97
CUST_HOT,459.01
CUST_HOT,153.17
CUST_HOT,317.89
CUST_2,443.36
CUST_HOT,475.13
CUST_HOT,133.58
CUST_HOT,89.67
CUST_HOT,370.94
CUST_1,87.65
CUST_HOT,435.67
CUST_9,461.96
CUST_HOT,409.34
CUST_HOT,320.97
CUST_HOT,185.05
CUST_7,217.64
CUST_HOT,416.93
CUST_HOT,210.59
CUST_7,107.76
CUST_HOT,388.34
CUST_HOT,235.09
CUST_5,407.87
CUST_HOT,242.81
CUST_HOT,19.76
CUST_HOT,79.29
CUST_10,369.47
CUST_HOT,30.33
CUST_HOT,284.83
CUST_HOT,154.06
CUST_HOT,112.44
CUST_HOT,156.82
CUST_HOT,195.11
CUST_HOT,236.57
CUST_HOT,487.43
CUST_HOT,236.72
CUST_HOT,373.3
CUST_HOT,14.7
CUST_HOT,108.52
CUST_HOT,197.01
CUST_HOT,167.33
CUST_HOT,416.46
CUST_HOT,212.94
CUST_HOT,266.09
CUST_2,391.25
CUST_HOT,381.59
CUST_HOT,242.48
CUST_4,140.12
CUST_HOT,493.55
CUST_HOT,22.35
CUST_14,283.34
CUST_HOT,414.36
CUST_HOT,127.9
CUST_HOT,279.35
CUST_HOT,218.75
CUST_HOT,454.57
CUST_18,203.86
CUST_HOT,317.5
CUST_HOT,89.74
CUST_11,100.5
CUST_HOT,159.62
CUST_HOT,158.31
CUST_HOT,362.5
CUST_HOT,351.6
CUST_HOT,316.71
CUST_HOT,275.65
CUST_HOT,230.85
CUST_HOT,442.7
CUST_HOT,143.54
CUST_HOT,443.33
CUST_HOT,52.74
CUST_HOT,172.08
CUST_HOT,495.9
CUST_14,129.49
CUST_HOT,134.09
CUST_HOT,298.59
CUST_HOT,289.79
CUST_HOT,328.52
CUST_HOT,456.79
CUST_HOT,235.56
CUST_HOT,223.43
CUST_HOT,374.63
CUST_HOT,435.28
CUST_HOT,100.12
CUST_HOT,297.2
CUST_HOT,192.79
CUST_HOT,466.15
CUST_HOT,246.58
CUST_HOT,67.4
CUST_HOT,379.32
CUST_HOT,373.95
CUST_HOT,274.34
CUST_HOT,335.58
CUST_HOT,254.27
CUST_14,326.98
CUST_HOT,89.81
CUST_HOT,162.04
CUST_HOT,257.27
CUST_HOT,204.32
CUST_HOT,71.41
CUST_HOT,247.67
CUST_15,44.78
CUST_HOT,193.65
CUST_HOT,414.41
CUST_HOT,33.42
CUST_16,410.16
CUST_HOT,220.08
CUST_HOT,498.75
CUST_HOT,211.33
CUST_HOT,68.56
CUST_HOT,35.94
CUST_HOT,97.49
CUST_HOT,230.58
CUST_HOT,153.12
CUST_HOT,94.56
CUST_HOT,437.28
CUST_15,67.72
CUST_HOT,425.08
CUST_HOT,437.06
CUST_HOT,175.5
CUST_HOT,23.11
CUST_3,266.38
CUST_HOT,391.54
CUST_HOT,454.84
CUST_HOT,352.51
CUST_HOT,31.79
CUST_HOT,479.98
CUST_HOT,60.15
CUST_HOT,475.08
CUST_9,201.06
CUST_HOT,336.92
CUST_HOT,315.36
CUST_HOT,133.16
CUST_HOT,205.21
CUST_HOT,58.05
CUST_HOT,484.5
CUST_19,384.62
CUST_HOT,321.96
CUST_16,310.63
CUST_HOT,475.65
CUST_19,367.73
CUST_4,21.72
CUST_HOT,499.27
CUST_4,473.98
CUST_HOT,228.37
CUST_HOT,289.08
CUST_7,82.37
CUST_13,208.59
CUST_18,126.66
CUST_HOT,54.27
CUST_5,112.23
CUST_HOT,408.43
CUST_HOT,50.69
CUST_16,126.51
CUST_HOT,105.6
CUST_8,219.03
CUST_HOT,226.26
CUST_HOT,75.48
CUST_15,232.01
CUST_HOT,347.2
CUST_HOT,319.38
CUST_8,499.67
CUST_8,244.37
CUST_HOT,264.91
CUST_HOT,343.39
CUST_HOT,13.75
CUST_HOT,424.15
CUST_HOT,485.4
CUST_HOT,25.54
CUST_HOT,297.25
CUST_9,170.14
CUST_HOT,68.5
CUST_HOT,94.3
CUST_18,490.26
CUST_HOT,367.08
CUST_HOT,103.14
CUST_HOT,451.6
CUST_HOT,45.79
CUST_HOT,251.41
CUST_HOT,148.46
CUST_HOT,214.29
CUST_HOT,72.75
CUST_HOT,179.63
CUST_HOT,180.76
CUST_HOT,402.94
CUST_HOT,159.7
CUST_HOT,216.29
CUST_HOT,361.3
CUST_HOT,380.21
CUST_HOT,42.11
CUST_HOT,76.71
CUST_HOT,226.0
CUST_HOT,395.71
CUST_HOT,413.79
CUST_HOT,146.33
CUST_HOT,212.38
CUST_HOT,230.91
CUST_16,170.9
CUST_HOT,286.08
CUST_HOT,42.45
CUST_HOT,431.34
CUST_HOT,208.82
CUST_HOT,386.14
CUST_HOT,445.04
CUST_HOT,496.59
CUST_HOT,18.25
CUST_19,468.33
CUST_HOT,297.44
CUST_HOT,348.38
CUST_HOT,288.07
CUST_HOT,70.26
CUST_HOT,184.33
CUST_17,368.19
CUST_3,80.23
CUST_HOT,19.21
CUST_HOT,284.41
CUST_HOT,378.65
CUST_HOT,383.54
CUST_HOT,405.43
CUST_HOT,449.03
CUST_HOT,42.36
CUST_HOT,324.57
CUST_HOT,264.31
CUST_HOT,296.92
CUST_HOT,389.18
CUST_1,192.94
CUST_HOT,194.15
CUST_HOT,22.63
CUST_HOT,454.18
CUST_HOT,132.2
CUST_HOT,380.52
CUST_HOT,92.79
CUST_HOT,171.73
CUST_0,322.03
CUST_HOT,38.17
CUST_HOT,315.95
CUST_HOT,431.58
CUST_HOT,234.3
CUST_HOT,11.78
CUST_HOT,195.06
CUST_HOT,280.44
CUST_10,219.05
CUST_HOT,451.97
CUST_10,441.87
CUST_HOT,291.08
CUST_HOT,221.63
CUST_HOT,16.89
CUST_HOT,347.22
CUST_HOT,275.18
CUST_10,492.39
CUST_HOT,91.94
CUST_HOT,274.68
CUST_HOT,98.12
CUST_HOT,377.94
CUST_HOT,85.72
CUST_HOT,68.91
CUST_13,365.11
CUST_HOT,219.04
CUST_HOT,73.83
CUST_HOT,302.0
CUST_6,295.25
CUST_HOT,424.08
CUST_HOT,203.27
CUST_HOT,11.45
CUST_1,12.01
CUST_HOT,439.14
CUST_HOT,466.48
CUST_HOT,201.95
CUST_HOT,447.59
CUST_HOT,496.78
CUST_HOT,327.62
CUST_2,337.34
CUST_HOT,358.27
CUST_HOT,403.91
CUST_HOT,394.83
CUST_HOT,263.93
CUST_HOT,455.8
CUST_HOT,107.95
CUST_HOT,168.49
CUST_HOT,495.88
CUST_HOT,171.99
CUST_HOT,141.69
CUST_HOT,51.17
CUST_HOT,451.87
CUST_HOT,118.87
CUST_HOT,12.58
CUST_HOT,218.87
CUST_HOT,105.55
CUST_HOT,117.12
CUST_HOT,359.13
CUST_3,431.24
CUST_HOT,189.9
CUST_HOT,210.35
CUST_HOT,312.9
CUST_HOT,177.04
CUST_HOT,445.95
CUST_15,103.69
CUST_HOT,357.32
CUST_18,58.57
CUST_HOT,261.16
CUST_HOT,84.8
CUST_HOT,116.91
CUST_HOT,479.0
CUST_14,256.8
CUST_HOT,163.64
CUST_HOT,114.7
CUST_HOT,29.09
CUST_HOT,133.47
CUST_HOT,265.14
CUST_HOT,21.96
CUST_HOT,275.5
CUST_HOT,490.88
CUST_HOT,234.1
CUST_HOT,348.33
CUST_3,415.03
CUST_HOT,470.73
CUST_14,328.25
CUST_HOT,249.54
CUST_HOT,136.75
CUST_HOT,247.17
CUST_3,194.82
CUST_8,187.16
CUST_HOT,374.3
CUST_7,369.11
CUST_HOT,392.94
CUST_13,275.77
CUST_HOT,347.74
CUST_HOT,11.34
CUST_HOT,237.8
CUST_HOT,256.59
CUST_4,107.16
CUST_HOT,327.15
CUST_HOT,86.27
CUST_HOT,117.74
CUST_HOT,325.17
CUST_HOT,394.02
CUST_HOT,386.9
CUST_HOT,480.31
CUST_15,114.57
CUST_HOT,20.44
CUST_5,185.46
CUST_HOT,201.81
CUST_HOT,129.96
CUST_HOT,478.67
CUST_HOT,186.37
CUST_HOT,237.01
CUST_HOT,250.14
CUST_HOT,183.38
CUST_HOT,416.81
CUST_10,146.92
CUST_HOT,187.03
CUST_HOT,357.36
CUST_HOT,113.34
CUST_HOT,480.87
CUST_0,257.34
CUST_13,326.34
CUST_HOT,218.51
CUST_HOT,173.66
CUST_HOT,138.17
CUST_HOT,331.67
CUST_HOT,346.68
CUST_HOT,275.88
CUST_HOT,248.07
CUST_HOT,99.28
CUST_HOT,294.85
CUST_2,431.59
CUST_HOT,57.88
CUST_0,23.79
CUST_HOT,30.26
CUST_HOT,388.55
CUST_1,217.9
CUST_HOT,290.7
CUST_HOT,137.34
CUST_HOT,496.46
CUST_13,340.05
CUST_HOT,114.42
CUST_HOT,381.52
CUST_HOT,82.71
CUST_HOT,452.97
CUST_HOT,111.58
CUST_HOT,304.46
CUST_HOT,377.78
CUST_HOT,146.34
CUST_HOT,149.05
CUST_HOT,214.81
CUST_HOT,482.71
CUST_HOT,16.04
CUST_HOT,273.44
CUST_HOT,200.0
CUST_1,311.97
CUST_HOT,415.91
CUST_HOT,330.07
CUST_HOT,477.51
CUST_HOT,90.71
CUST_HOT,319.73
CUST_HOT,338.21
CUST_HOT,28.52
CUST_HOT,272.96
CUST_HOT,145.42
CUST_HOT,233.05
CUST_HOT,116.06
CUST_HOT,194.0
CUST_HOT,91.47
CUST_HOT,424.25
CUST_HOT,272.6
CUST_HOT,438.87
CUST_HOT,320.46
CUST_HOT,314.08
CUST_HOT,480.43
CUST_HOT,358.12
CUST_HOT,323.31
CUST_HOT,97.95
CUST_HOT,421.29
CUST_HOT,230.48
CUST_HOT,340.23
CUST_HOT,222.09
CUST_HOT,239.04
CUST_HOT,74.66
CUST_HOT,160.73
CUST_HOT,270.5
CUST_HOT,469.83
CUST_HOT,275.34
CUST_HOT,46.54
CUST_HOT,237.65
CUST_HOT,76.73
CUST_HOT,74.7
CUST_HOT,263.53
CUST_HOT,248.38
CUST_HOT,489.23
CUST_HOT,109.59
CUST_HOT,217.84
CUST_HOT,143.09
CUST_11,385.33
CUST_HOT,300.68
CUST_HOT,129.03
CUST_HOT,315.72
CUST_HOT,69.81
CUST_HOT,332.4
CUST_HOT,389.55
CUST_HOT,420.08
CUST_HOT,109.72
CUST_HOT,114.83
CUST_HOT,162.39
CUST_HOT,89.44
CUST_HOT,385.13
CUST_HOT,497.57
CUST_HOT,339.8
CUST_HOT,133.56
CUST_11,361.1
CUST_HOT,296.2
CUST_HOT,172.82
CUST_HOT,219.23
CUST_HOT,319.08
CUST_HOT,424.23
CUST_HOT,439.72
CUST_17,346.57
CUST_HOT,103.82
CUST_HOT,165.65
CUST_HOT,19.31
CUST_HOT,430.67
CUST_HOT,292.95
CUST_HOT,83.04
CUST_12,489.54
CUST_15,276.57
CUST_HOT,43.64
CUST_HOT,229.57
CUST_HOT,130.94
CUST_HOT,473.94
CUST_HOT,255.85
CUST_HOT,185.45
CUST_HOT,465.62
CUST_HOT,240.27
CUST_HOT,372.79
CUST_6,272.98
CUST_HOT,286.98
CUST_15,160.79
CUST_HOT,158.08
CUST_HOT,428.47
CUST_3,215.27
CUST_HOT,200.62
CUST_HOT,108.29
CUST_HOT,226.47
CUST_HOT,298.97
CUST_HOT,354.24
CUST_HOT,387.04
CUST_HOT,159.41
CUST_HOT,52.88
CUST_HOT,210.1
CUST_HOT,69.06
CUST_HOT,218.34
CUST_HOT,420.6
CUST_HOT,424.01
CUST_HOT,103.95
CUST_HOT,472.59
CUST_HOT,361.18
CUST_HOT,180.14
CUST_HOT,122.18
CUST_HOT,105.14
CUST_HOT,34.7
CUST_HOT,323.95
CUST_HOT,182.4
CUST_HOT,12.36
CUST_14,33.84
CUST_HOT,195.55
CUST_HOT,242.07
CUST_HOT,275.97
CUST_HOT,168.28
CUST_HOT,194.59
CUST_HOT,49.71
CUST_5,438.24
CUST_HOT,188.1
CUST_HOT,344.51
CUST_HOT,170.95
CUST_HOT,330.65
CUST_HOT,304.12
CUST_HOT,151.84
CUST_HOT,110.49
CUST_HOT,210.49
CUST_HOT,406.52
CUST_HOT,446.33
CUST_16,315.63
CUST_HOT,309.41
CUST_HOT,12.62
CUST_16,139.37
CUST_6,478.32
CUST_HOT,24.14
CUST_HOT,30.0
CUST_HOT,74.78
CUST_12,202.21
CUST_HOT,142.16
CUST_HOT,116.15
CUST_HOT,54.78
CUST_HOT,411.94
CUST_HOT,332.26
CUST_HOT,191.15
CUST_HOT,352.65
CUST_HOT,90.74
CUST_15,320.03
CUST_HOT,30.02
CUST_HOT,126.77
CUST_HOT,57.93
CUST_HOT,110.87
CUST_HOT,220.3
CUST_HOT,99.57
CUST_HOT,210.22
CUST_HOT,70.72
CUST_HOT,445.39
CUST_HOT,431.01
CUST_HOT,297.66
CUST_HOT,26.06
CUST_HOT,325.32
CUST_7,378.81
CUST_HOT,97.07
CUST_HOT,303.66
CUST_HOT,374.42
CUST_HOT,285.48
CUST_HOT,355.25
CUST_4,65.96
CUST_HOT,447.09
CUST_HOT,494.45
CUST_HOT,410.22
CUST_HOT,385.39
CUST_HOT,264.16
CUST_16,312.49
CUST_HOT,158.09
CUST_HOT,39.1
CUST_HOT,435.56
CUST_HOT,151.9
CUST_11,148.69
CUST_HOT,410.67
CUST_HOT,38.5
CUST_HOT,177.85
CUST_HOT,187.17
CUST_HOT,469.88
CUST_5,106.23
CUST_HOT,228.08
CUST_HOT,106.5
CUST_HOT,317.66
CUST_HOT,13.66
CUST_HOT,149.59
CUST_HOT,423.33
CUST_10,262.16
CUST_3,32.06
CUST_HOT,327.65
CUST_4,356.91
CUST_HOT,239.22
CUST_HOT,258.34
CUST_HOT,146.32
CUST_HOT,484.52
CUST_HOT,460.45
CUST_HOT,396.36
CUST_HOT,244.44
CUST_HOT,432.24
CUST_HOT,186.87
CUST_HOT,26.54
CUST_19,386.86
CUST_HOT,343.79
CUST_HOT,430.58
CUST_HOT,191.81
CUST_HOT,243.1
CUST_HOT,265.7
CUST_14,108.8
CUST_HOT,10.93
CUST_HOT,367.61
CUST_HOT,407.15
CUST_HOT,353.18
CUST_HOT,220.15
CUST_HOT,460.97
CUST_HOT,146.95
CUST_HOT,243.94
CUST_1,499.09
CUST_7,441.51
CUST_HOT,54.42
CUST_6,88.68
CUST_HOT,218.12
CUST_HOT,12.68
CUST_HOT,400.69
CUST_11,98.51
CUST_9,463.66
CUST_HOT,200.47
CUST_HOT,318.74
CUST_HOT,35.98
CUST_HOT,23.72
CUST_14,173.28
CUST_HOT,309.38
CUST_HOT,242.17
CUST_HOT,335.22
CUST_HOT,478.77
CUST_HOT,326.12
CUST_12,294.5
CUST_HOT,365.34
CUST_8,75.35
CUST_HOT,374.83
CUST_HOT,416.84
CUST_HOT,300.41
CUST_HOT,12.89
CUST_HOT,223.44
CUST_HOT,135.54
CUST_HOT,299.34
CUST_17,369.37
CUST_HOT,473.15
CUST_HOT,353.64
CUST_HOT,345.35
CUST_HOT,421.4
CUST_12,133.87
CUST_HOT,16.89
CUST_13,371.91
CUST_3,320.87
CUST_HOT,350.22
CUST_HOT,57.3
CUST_HOT,21.28
CUST_15,229.23
CUST_HOT,147.11
CUST_HOT,43.83
CUST_HOT,399.37
CUST_HOT,340.01
CUST_HOT,192.23
CUST_HOT,469.13
CUST_HOT,443.7
CUST_HOT,492.82
CUST_HOT,137.17
CUST_HOT,373.96
CUST_HOT,377.86
CUST_HOT,262.89
CUST_HOT,498.61
CUST_HOT,269.64
CUST_HOT,285.67
CUST_HOT,43.35
CUST_HOT,460.29
CUST_HOT,142.1
CUST_HOT,165.44
CUST_HOT,284.19
CUST_HOT,20.44
CUST_HOT,209.46
CUST_HOT,371.82
CUST_15,140.13
CUST_HOT,319.93
CUST_HOT,17.95
CUST_HOT,197.75
CUST_HOT,239.77
CUST_HOT,177.34
CUST_HOT,212.47
CUST_HOT,95.46
CUST_HOT,105.09
CUST_13,431.77
CUST_HOT,67.5
CUST_HOT,227.03
CUST_HOT,20.72
CUST_HOT,240.44
CUST_HOT,152.23
CUST_HOT,439.3
CUST_HOT,354.68
CUST_9,114.63
CUST_HOT,215.14
CUST_HOT,168.24
CUST_HOT,61.7
CUST_HOT,300.58
CUST_HOT,270.5
CUST_HOT,436.84
CUST_HOT,377.77
CUST_HOT,38.44
CUST_HOT,162.97
CUST_HOT,196.12
CUST_HOT,487.7
CUST_HOT,10.66
CUST_HOT,348.7
CUST_HOT,348.59
CUST_HOT,35.88
CUST_HOT,176.23
CUST_HOT,279.55
CUST_HOT,358.63
CUST_HOT,252.26
CUST_HOT,437.34
CUST_HOT,364.01
CUST_HOT,424.69
CUST_HOT,333.08
CUST_HOT,384.42
CUST_HOT,423.45
CUST_HOT,467.77
CUST_1,452.51
CUST_HOT,194.51
CUST_5,353.31
CUST_HOT,145.77
CUST_HOT,408.93
CUST_HOT,241.55
CUST_3,66.99
CUST_12,320.04
CUST_HOT,29.19
CUST_HOT,348.26
CUST_HOT,12.37
CUST_17,60.63
CUST_13,257.07
CUST_HOT,237.33
CUST_17,52.55
CUST_HOT,56.43
CUST_HOT,462.66
CUST_HOT,82.24
CUST_HOT,480.41
CUST_HOT,354.44
CUST_HOT,319.75
CUST_HOT,464.53
CUST_HOT,294.13
CUST_HOT,259.96
CUST_HOT,406.85
CUST_HOT,289.13
CUST_HOT,269.42
CUST_HOT,427.67
CUST_HOT,102.44
CUST_HOT,298.11
CUST_0,475.79
CUST_HOT,333.85
CUST_12,448.48
CUST_HOT,265.29
CUST_HOT,15.94
CUST_HOT,74.19
CUST_HOT,424.02
CUST_HOT,113.84
CUST_HOT,83.97
CUST_HOT,123.49
CUST_HOT,112.65
CUST_HOT,106.44
CUST_HOT,106.13
CUST_HOT,56.16
CUST_HOT,428.86
CUST_HOT,470.83
CUST_HOT,199.75
CUST_HOT,217.0
CUST_HOT,331.0
CUST_HOT,333.63
CUST_HOT,285.84
CUST_HOT,350.15
CUST_HOT,413.05
CUST_HOT,67.64
CUST_HOT,400.27
CUST_HOT,359.11
CUST_HOT,109.56
CUST_HOT,327.2
CUST_HOT,332.29
CUST_4,401.82
CUST_HOT,178.48
CUST_HOT,120.49
CUST_HOT,382.3
CUST_HOT,339.33
CUST_HOT,141.84
CUST_HOT,463.53
CUST_HOT,401.0
CUST_HOT,189.27
CUST_HOT,494.67
CUST_HOT,239.36
CUST_HOT,129.05
CUST_HOT,488.92
CUST_HOT,400.76
CUST_HOT,248.9
CUST_4,248.83
CUST_HOT,451.86
CUST_HOT,61.35
CUST_HOT,24.95
CUST_HOT,294.07
CUST_HOT,96.69
CUST_HOT,108.53
CUST_4,432.86
CUST_HOT,93.11
CUST_HOT,116.5
CUST_HOT,43.36
CUST_9,321.82
CUST_HOT,49.47
CUST_HOT,472.67
CUST_HOT,461.29
CUST_HOT,111.83
CUST_HOT,262.55
CUST_HOT,245.92
CUST_HOT,323.42
CUST_HOT,182.96
CUST_HOT,324.71
CUST_HOT,30.95
CUST_HOT,88.99
CUST_HOT,142.57
CUST_HOT,175.17
CUST_HOT,115.78
CUST_12,44.31
CUST_HOT,72.31
CUST_HOT,262.24
CUST_HOT,200.78
CUST_HOT,39.89
CUST_HOT,208.79
CUST_HOT,154.14
CUST_HOT,230.63
CUST_HOT,185.81
CUST_HOT,365.65
CUST_HOT,479.08
CUST_HOT,480.62
CUST_HOT,122.38
CUST_HOT,435.85
CUST_HOT,74.52
CUST_HOT,118.5
CUST_HOT,409.98
CUST_13,86.09
CUST_HOT,75.79
CUST_HOT,215.82
CUST_HOT,493.57
CUST_HOT,470.56
CUST_9,247.59
CUST_HOT,298.28
CUST_HOT,132.71
CUST_HOT,497.96
CUST_3,341.01
CUST_HOT,134.28
CUST_HOT,196.86
CUST_HOT,143.41
CUST_HOT,126.01
CUST_HOT,294.11
CUST_HOT,207.91
CUST_HOT,217.71
CUST_HOT,369.06
CUST_HOT,320.12
CUST_HOT,33.01
CUST_HOT,120.22
CUST_HOT,208.51
CUST_HOT,482.45
CUST_HOT,351.09
CUST_HOT,317.03
CUST_12,120.69
CUST_HOT,44.8
CUST_5,449.0
CUST_HOT,436.49
CUST_13,21.14
CUST_HOT,105.99
CUST_11,218.64
CUST_HOT,471.88
CUST_HOT,482.83
CUST_HOT,245.08
CUST_HOT,327.55
CUST_HOT,478.84
CUST_3,437.03
CUST_HOT,75.48
CUST_HOT,66.11
CUST_HOT,86.81
CUST_7,402.53
CUST_HOT,470.86
CUST_HOT,260.2
CUST_HOT,318.89
CUST_HOT,133.29
CUST_19,435.47
CUST_HOT,303.94
CUST_HOT,170.04
CUST_HOT,61.56
CUST_HOT,383.57
CUST_HOT,229.14
CUST_HOT,377.91
CUST_HOT,255.49
CUST_HOT,105.21
CUST_HOT,236.14
CUST_HOT,344.24
CUST_HOT,304.31
CUST_HOT,417.82
CUST_HOT,320.47
CUST_18,101.73
CUST_13,352.74
CUST_HOT,137.4
CUST_HOT,484.66
CUST_HOT,347.42
CUST_HOT,142.5
CUST_HOT,431.74
CUST_8,121.02
CUST_HOT,129.22
CUST_HOT,398.27
CUST_HOT,111.82
CUST_HOT,68.08
CUST_HOT,253.26
CUST_HOT,99.91
CUST_HOT,288.15
CUST_15,11.11
CUST_HOT,406.36
CUST_HOT,369.64
CUST_HOT,179.87
CUST_HOT,68.55
CUST_HOT,316.68
CUST_HOT,362.85
CUST_HOT,174.26
CUST_HOT,183.1
CUST_HOT,208.54
CUST_18,494.8
CUST_HOT,26.84
CUST_HOT,486.57
CUST_HOT,172.76
CUST_HOT,296.72
CUST_HOT,19.51
CUST_HOT,216.16
CUST_HOT,54.45
CUST_HOT,18.72
CUST_HOT,409.01
CUST_HOT,182.36
CUST_HOT,415.01
CUST_HOT,141.43
CUST_HOT,486.75
CUST_HOT,368.74
CUST_HOT,172.16
CUST_HOT,347.19
CUST_HOT,40.03
CUST_HOT,423.42
CUST_HOT,272.27
CUST_HOT,157.06
CUST_HOT,425.91
CUST_HOT,16.29
CUST_10,88.39
CUST_HOT,183.76
CUST_HOT,389.81
CUST_HOT,321.86
CUST_HOT,282.74
CUST_HOT,496.41
CUST_9,182.99
CUST_HOT,281.12
CUST_HOT,427.49
CUST_HOT,228.0
CUST_HOT,423.21
CUST_HOT,411.64
CUST_HOT,222.11
CUST_HOT,327.89
CUST_15,449.02
CUST_HOT,165.28
CUST_HOT,464.18
CUST_HOT,409.84
CUST_HOT,303.91
CUST_HOT,212.65
CUST_HOT,156.64
CUST_HOT,270.35
CUST_13,217.26
CUST_10,391.43
CUST_HOT,245.47
CUST_14,233.3
CUST_HOT,360.43
CUST_HOT,481.6
CUST_HOT,402.79
CUST_HOT,427.52
CUST_HOT,141.52
CUST_HOT,406.98
CUST_HOT,342.19
CUST_HOT,139.37
CUST_HOT,298.67
CUST_HOT,440.07
CUST_HOT,142.93
CUST_HOT,18.77
CUST_HOT,373.28
CUST_HOT,70.49
CUST_HOT,152.49
CUST_HOT,364.73
CUST_HOT,14.54
CUST_13,205.7
CUST_HOT,454.08
CUST_HOT,56.37
CUST_HOT,426.68
CUST_13,195.66
CUST_HOT,431.51
CUST_HOT,441.74
CUST_HOT,365.76
CUST_HOT,131.89
CUST_HOT,88.15
CUST_4,498.89
CUST_HOT,277.88
CUST_HOT,53.21
CUST_HOT,87.83
CUST_HOT,87.2
CUST_HOT,179.08
CUST_HOT,290.72
CUST_3,320.67
CUST_HOT,69.2
CUST_HOT,86.51
CUST_HOT,277.66
CUST_17,239.89
CUST_7,177.57
CUST_HOT,386.81
CUST_HOT,499.81
CUST_HOT,152.11
CUST_HOT,485.75
CUST_HOT,40.26
CUST_HOT,178.72
CUST_HOT,118.64
CUST_HOT,126.37
CUST_HOT,60.32
CUST_13,235.59
CUST_HOT,80.95
CUST_HOT,193.16
CUST_3,325.56
CUST_HOT,324.12
CUST_HOT,378.2
CUST_HOT,238.79
CUST_HOT,456.07
CUST_HOT,345.35
CUST_HOT,211.17
CUST_15,391.36
CUST_4,76.23
CUST_4,296.78
CUST_HOT,105.38
CUST_HOT,203.31
CUST_HOT,419.79
CUST_HOT,189.12
CUST_HOT,272.66
CUST_HOT,271.2
CUST_HOT,45.49
CUST_HOT,142.96
CUST_3,382.96
CUST_HOT,54.25
CUST_HOT,23.55
CUST_HOT,390.81
CUST_HOT,205.62
CUST_HOT,98.98
CUST_2,463.04
CUST_HOT,71.08
CUST_HOT,16.8
CUST_HOT,192.18
CUST_HOT,411.54
CUST_HOT,219.34
CUST_HOT,123.98
CUST_HOT,444.92
CUST_HOT,363.22
CUST_10,282.16
CUST_19,320.43
CUST_HOT,163.16
CUST_HOT,470.83
CUST_7,85.84
CUST_HOT,45.29
CUST_0,11.08
CUST_HOT,438.53
CUST_HOT,56.54
CUST_HOT,97.26
CUST_HOT,427.02
CUST_HOT,441.47
CUST_HOT,440.68
CUST_0,159.71
CUST_HOT,105.15
CUST_HOT,45.64
CUST_HOT,280.52
CUST_HOT,53.37
CUST_HOT,306.6
CUST_HOT,333.35
CUST_HOT,486.9
CUST_HOT,372.85
CUST_HOT,442.31
CUST_HOT,60.0
CUST_HOT,370.21
CUST_0,307.25
CUST_HOT,426.53
CUST_HOT,23.1
CUST_HOT,424.7
CUST_HOT,26.83
CUST_9,269.66
CUST_HOT,215.29
CUST_HOT,467.16
CUST_13,479.17
CUST_HOT,324.17
CUST_HOT,300.79
CUST_14,21.45
CUST_HOT,302.59
CUST_HOT,327.94
CUST_10,262.98
CUST_HOT,191.98
CUST_HOT,221.7
CUST_HOT,325.96
CUST_HOT,118.12
CUST_19,478.68
CUST_HOT,274.4
CUST_HOT,49.81
CUST_14,41.28
CUST_HOT,77.07
CUST_HOT,376.73
CUST_HOT,354.16
CUST_HOT,124.18
CUST_HOT,99.4
CUST_HOT,308.86
CUST_HOT,233.58
CUST_HOT,498.45
CUST_1,287.26
CUST_HOT,402.68
CUST_HOT,291.46
CUST_10,222.06
CUST_HOT,499.49
CUST_HOT,12.86
CUST_HOT,172.59
CUST_HOT,240.92
CUST_HOT,428.68
CUST_HOT,460.13
CUST_HOT,463.73
CUST_HOT,439.67
CUST_HOT,40.67
CUST_HOT,32.67
CUST_0,94.2
CUST_HOT,20.66
CUST_HOT,352.59
CUST_HOT,273.69
CUST_HOT,71.51
CUST_HOT,182.32
CUST_HOT,14.47
CUST_10,107.46
CUST_HOT,495.34
CUST_HOT,195.48
CUST_HOT,172.94
CUST_HOT,285.09
CUST_HOT,86.91
CUST_HOT,148.02
CUST_HOT,131.9
CUST_HOT,151.82
CUST_HOT,461.24
CUST_1,13.49
CUST_HOT,162.32
CUST_HOT,49.4
CUST_2,469.54
CUST_HOT,312.48
CUST_HOT,134.74
CUST_HOT,181.04
CUST_HOT,175.76
CUST_HOT,412.26
CUST_HOT,413.83
CUST_HOT,29.12
CUST_HOT,492.69
CUST_HOT,257.61
CUST_HOT,451.27
CUST_HOT,314.55
CUST_HOT,254.71
CUST_HOT,201.22
CUST_HOT,127.37
CUST_HOT,319.47
CUST_HOT,36.5
CUST_HOT,95.86
CUST_HOT,217.7
CUST_14,243.62
CUST_HOT,304.06
CUST_HOT,255.15
CUST_8,111.08
CUST_15,225.26
CUST_HOT,429.71
CUST_HOT,370.3
CUST_HOT,179.76
CUST_14,313.18
CUST_HOT,222.73
CUST_HOT,202.44
CUST_HOT,82.82
CUST_HOT,479.73
CUST_HOT,332.38
CUST_HOT,39.96
CUST_HOT,235.37
CUST_HOT,101.56
CUST_HOT,111.7
CUST_HOT,252.89
CUST_HOT,244.03
CUST_HOT,156.14
CUST_HOT,492.87
CUST_HOT,241.42
CUST_HOT,117.8
CUST_HOT,206.06
CUST_HOT,181.56
CUST_HOT,410.0
CUST_18,313.36
CUST_7,494.38
CUST_HOT,388.17
CUST_2,362.91
CUST_HOT,263.95
CUST_HOT,88.65
CUST_HOT,370.55
CUST_HOT,298.01
CUST_HOT,494.78
CUST_HOT,228.84
CUST_HOT,329.16
CUST_HOT,484.23
CUST_HOT,423.71
CUST_17,454.7
CUST_HOT,162.18
CUST_12,318.48
CUST_HOT,233.24
CUST_12,410.29
CUST_HOT,38.42
CUST_5,371.01
CUST_HOT,225.74
CUST_HOT,199.2
CUST_HOT,486.59
CUST_HOT,384.13
CUST_HOT,461.63
CUST_HOT,301.3
CUST_HOT,438.37
CUST_HOT,139.72
CUST_HOT,13.75
CUST_HOT,350.81
CUST_HOT,286.59
CUST_HOT,489.5
CUST_HOT,207.09
CUST_HOT,425.14
CUST_16,279.75
CUST_HOT,40.81
CUST_HOT,291.15
CUST_HOT,72.41
CUST_10,168.32
CUST_6,92.43
CUST_HOT,365.85
CUST_HOT,244.23
CUST_HOT,33.24
CUST_10,64.47
CUST_HOT,348.37
CUST_HOT,337.16
CUST_HOT,24.37
CUST_HOT,470.21
CUST_HOT,114.57
CUST_HOT,269.71
CUST_HOT,211.68
CUST_HOT,169.2
CUST_HOT,215.59
CUST_HOT,208.45
CUST_HOT,158.23
CUST_HOT,244.86
CUST_3,335.72
CUST_16,318.91
CUST_HOT,161.42
CUST_HOT,287.49
CUST_HOT,50.48
CUST_HOT,373.26
CUST_HOT,438.09
CUST_HOT,110.11
CUST_HOT,292.85
CUST_HOT,278.53
CUST_11,249.15
CUST_HOT,383.14
CUST_14,175.56
CUST_16,469.54
CUST_HOT,291.71
CUST_HOT,214.83
CUST_HOT,433.14
CUST_HOT,190.13
CUST_HOT,15.01
CUST_HOT,431.52
CUST_HOT,488.05
CUST_7,45.07
CUST_17,425.81
CUST_HOT,335.77
CUST_HOT,432.13
CUST_HOT,129.45
CUST_HOT,392.81
CUST_HOT,389.78
CUST_HOT,149.64
CUST_HOT,56.85
CUST_HOT,30.05
CUST_HOT,91.13
CUST_HOT,432.11
CUST_HOT,470.03
CUST_HOT,86.57
CUST_HOT,149.47
CUST_HOT,239.04
CUST_HOT,201.6
CUST_HOT,20.84
CUST_HOT,462.34
CUST_HOT,53.27
CUST_8,499.25
CUST_HOT,120.33
CUST_HOT,255.47
CUST_HOT,316.46
CUST_10,344.95
CUST_HOT,374.83
CUST_HOT,119.31
CUST_HOT,341.48
CUST_HOT,150.84
CUST_HOT,246.39
CUST_HOT,101.77
CUST_HOT,14.0
CUST_HOT,110.61
CUST_HOT,404.36
CUST_HOT,125.79
CUST_HOT,71.73
CUST_HOT,347.13
CUST_HOT,185.42
CUST_HOT,385.67
CUST_HOT,334.68
CUST_HOT,481.01
CUST_HOT,439.08
CUST_HOT,499.8
CUST_13,387.05
CUST_14,60.14
CUST_HOT,261.71
CUST_HOT,82.73
CUST_HOT,34.8
CUST_HOT,122.46
CUST_HOT,304.65
CUST_HOT,42.64
CUST_HOT,187.21
CUST_HOT,477.97
CUST_HOT,82.88
CUST_HOT,120.29
CUST_HOT,175.2
CUST_HOT,138.62
CUST_HOT,24.96
CUST_HOT,18.65
CUST_HOT,319.24
CUST_HOT,47.61
CUST_17,28.82
CUST_19,206.86
CUST_HOT,79.02
CUST_HOT,145.72
CUST_8,118.36
CUST_17,396.67
CUST_HOT,264.12
CUST_HOT,329.57
CUST_18,387.86
CUST_HOT,121.99
CUST_HOT,54.66
CUST_HOT,243.39
CUST_2,353.53
CUST_HOT,34.19
CUST_HOT,10.22
CUST_HOT,483.62
CUST_HOT,86.97
CUST_HOT,13.94
CUST_HOT,434.84
CUST_HOT,450.39
CUST_HOT,415.64
CUST_HOT,201.32
CUST_HOT,180.51
CUST_10,226.23
CUST_5,296.03
CUST_HOT,129.18
CUST_HOT,341.7
CUST_HOT,303.55
CUST_5,112.91
CUST_HOT,54.88
CUST_17,12.51
CUST_HOT,375.74
CUST_HOT,427.12
CUST_HOT,14.36
CUST_HOT,435.62
CUST_HOT,347.17
CUST_HOT,199.3
CUST_HOT,390.16
CUST_HOT,284.97
CUST_11,211.04
CUST_18,136.55
CUST_9,49.67
CUST_HOT,379.07
CUST_HOT,265.29
CUST_HOT,33.93
CUST_10,32.87
CUST_HOT,117.57
CUST_19,280.35
CUST_HOT,49.3
CUST_HOT,127.37
CUST_6,223.38
CUST_3,88.47
CUST_HOT,182.47
CUST_12,350.46
CUST_HOT,337.99
CUST_HOT,347.57
CUST_HOT,482.99
CUST_HOT,216.83
CUST_HOT,230.11
CUST_HOT,438.58
CUST_HOT,302.33
CUST_HOT,251.22
CUST_17,225.24
CUST_HOT,239.55
CUST_HOT,117.36
CUST_HOT,254.9
CUST_HOT,90.68
CUST_HOT,210.33
CUST_18,293.59
CUST_HOT,441.47
CUST_HOT,387.11
CUST_HOT,341.07
CUST_HOT,192.04
CUST_HOT,370.79
CUST_HOT,403.31
CUST_HOT,13.43
CUST_HOT,44.68
CUST_HOT,266.27
CUST_HOT,377.54
CUST_16,337.64
CUST_HOT,428.42
CUST_HOT,478.55
CUST_HOT,154.29
CUST_HOT,124.33
CUST_HOT,94.31
CUST_HOT,280.14
CUST_HOT,319.63
CUST_HOT,104.71
CUST_15,325.59
CUST_HOT,111.65
CUST_HOT,483.56
CUST_HOT,414.67
CUST_HOT,245.05
CUST_HOT,410.4
CUST_HOT,279.45
CUST_HOT,10.2
CUST_HOT,216.85
CUST_16,89.68
CUST_14,300.09
CUST_HOT,370.82
CUST_9,227.56
CUST_HOT,197.75
CUST_HOT,176.88
CUST_HOT,364.69
CUST_14,237.51
CUST_15,253.36
CUST_HOT,133.67
CUST_1,150.48
CUST_HOT,231.28
CUST_HOT,235.07
CUST_17,491.78
CUST_0,461.41
CUST_HOT,446.91
CUST_HOT,330.67
CUST_16,292.44
CUST_HOT,28.94
CUST_HOT,110.46
CUST_19,80.19
CUST_HOT,445.83
CUST_HOT,490.44
CUST_HOT,141.16
CUST_HOT,426.51
CUST_HOT,275.45
CUST_HOT,184.6
CUST_17,182.97
CUST_HOT,107.96
CUST_HOT,414.1
CUST_HOT,374.21
CUST_HOT,88.67
CUST_HOT,306.89
CUST_HOT,32.88
CUST_HOT,150.4
CUST_HOT,416.21
CUST_HOT,33.84
CUST_HOT,11.16
CUST_1,240.34
CUST_11,347.37
CUST_2,57.37
CUST_HOT,337.64
CUST_HOT,331.37
CUST_HOT,117.23
CUST_HOT,252.0
CUST_HOT,341.21
CUST_HOT,80.09
CUST_8,291.47
CUST_HOT,202.16
CUST_HOT,215.37
CUST_HOT,344.82
CUST_HOT,483.96
CUST_19,136.47
CUST_HOT,382.36
CUST_HOT,89.32
CUST_HOT,383.62
CUST_19,385.47
CUST_HOT,157.82
CUST_16,485.81
CUST_HOT,291.96
CUST_3,396.07
CUST_HOT,247.19
CUST_10,175.75
CUST_HOT,197.97
CUST_HOT,139.5
CUST_HOT,198.73
CUST_HOT,412.06
CUST_HOT,38.71
CUST_HOT,122.62
CUST_HOT,169.99
CUST_HOT,71.94
CUST_HOT,253.97
CUST_HOT,439.94
CUST_HOT,221.25
CUST_HOT,430.66
CUST_HOT,239.47
CUST_1,331.14
CUST_HOT,161.8
CUST_HOT,75.49
CUST_HOT,354.02
CUST_HOT,446.93
CUST_HOT,262.71
CUST_HOT,266.17
CUST_HOT,47.84
CUST_HOT,425.62
CUST_5,20.47
CUST_HOT,55.36
CUST_HOT,183.07
CUST_HOT,51.37
CUST_HOT,103.57
CUST_HOT,256.36
CUST_HOT,364.21
CUST_HOT,344.48
CUST_HOT,357.24
CUST_HOT,91.18
CUST_HOT,69.5
CUST_HOT,492.71
CUST_HOT,94.2
CUST_HOT,429.91
CUST_HOT,485.32
CUST_HOT,97.34
CUST_5,365.72
CUST_6,67.44
CUST_HOT,432.8
CUST_HOT,207.79
CUST_14,233.06
CUST_HOT,243.21
CUST_HOT,165.43
CUST_HOT,137.12
CUST_HOT,348.21
CUST_HOT,453.42
CUST_HOT,490.56
CUST_HOT,170.77
CUST_HOT,420.42
CUST_HOT,197.02
CUST_HOT,359.63
CUST_HOT,32.91
CUST_HOT,198.71
CUST_HOT,452.22
CUST_HOT,448.77
CUST_HOT,483.66
CUST_HOT,489.1
CUST_HOT,176.04
CUST_8,499.5
CUST_HOT,303.13
CUST_HOT,178.91
CUST_HOT,309.41
CUST_HOT,416.74
CUST_HOT,123.55
CUST_HOT,400.51
CUST_HOT,26.98
CUST_HOT,187.2
CUST_HOT,71.5
CUST_HOT,440.23
CUST_0,482.36
CUST_7,103.09
CUST_HOT,16.71
CUST_HOT,480.37
CUST_HOT,129.99
CUST_12,204.13
CUST_HOT,24.01
CUST_HOT,408.28
CUST_15,362.63
CUST_HOT,274.24
CUST_HOT,287.58
CUST_HOT,212.14
CUST_13,324.64
CUST_HOT,43.83
CUST_HOT,27.47
CUST_HOT,497.21
CUST_HOT,324.87
CUST_HOT,294.83
CUST_HOT,279.4
CUST_HOT,11.1
CUST_HOT,327.63
CUST_HOT,315.25
CUST_HOT,358.77
CUST_HOT,371.43
CUST_HOT,96.97
CUST_HOT,32.02
CUST_HOT,378.19
CUST_HOT,470.32
CUST_HOT,324.73
CUST_6,68.5
CUST_HOT,370.95
CUST_HOT,346.24
CUST_HOT,274.36
CUST_16,60.94
CUST_HOT,197.23
CUST_HOT,322.95
CUST_HOT,428.8
CUST_HOT,173.87
CUST_HOT,137.74
CUST_HOT,470.99
CUST_HOT,485.72
CUST_12,182.09
CUST_HOT,77.59
CUST_HOT,371.2
CUST_HOT,319.83
CUST_HOT,33.89
CUST_HOT,11.39
CUST_HOT,11.26
CUST_HOT,242.3
CUST_HOT,393.01
CUST_HOT,438.87
CUST_HOT,330.2
CUST_14,122.94
CUST_HOT,98.56
CUST_HOT,181.72
CUST_HOT,88.77
CUST_HOT,418.3
CUST_HOT,314.19
CUST_HOT,148.61
CUST_HOT,90.7
CUST_HOT,77.55
CUST_8,176.61
CUST_HOT,488.88
CUST_HOT,12.96
CUST_HOT,480.27
CUST_HOT,244.64
CUST_HOT,175.09
CUST_HOT,188.99
CUST_18,243.62
CUST_HOT,182.86
CUST_HOT,424.64
CUST_17,400.89
CUST_HOT,366.4
CUST_HOT,483.22
CUST_HOT,327.12
CUST_HOT,438.41
CUST_16,414.31
CUST_HOT,309.69
CUST_HOT,352.01
CUST_10,461.36
CUST_HOT,281.86
CUST_HOT,100.57
CUST_HOT,52.25
CUST_18,259.22
CUST_HOT,447.44
CUST_HOT,204.32
CUST_HOT,190.39
CUST_HOT,268.54
CUST_HOT,212.19
CUST_HOT,59.53
CUST_HOT,135.11
CUST_HOT,49.7
CUST_HOT,354.66
CUST_HOT,275.96
CUST_HOT,311.38
CUST_HOT,316.29
CUST_HOT,33.61
CUST_HOT,278.48
CUST_HOT,345.64
CUST_HOT,359.05
CUST_HOT,367.72
CUST_HOT,118.36
CUST_HOT,230.02
CUST_HOT,344.01
CUST_11,291.07
CUST_9,136.12
CUST_18,396.65
CUST_HOT,490.59
CUST_13,458.59
CUST_HOT,215.56
CUST_HOT,50.82
CUST_HOT,58.15
CUST_HOT,235.08
CUST_HOT,302.4
CUST_HOT,157.35
CUST_HOT,53.25
CUST_HOT,23.58
CUST_19,366.78
CUST_HOT,270.92
CUST_HOT,160.98
CUST_HOT,183.71
CUST_HOT,41.14
CUST_HOT,145.86
CUST_15,39.53
CUST_HOT,461.87
CUST_4,192.34
CUST_15,476.63
CUST_HOT,301.64
CUST_HOT,246.98
CUST_HOT,482.05
CUST_HOT,167.04
CUST_HOT,167.6
CUST_HOT,367.59
CUST_HOT,392.19
CUST_HOT,50.13
CUST_HOT,98.88
CUST_HOT,34.54
CUST_7,388.55
CUST_HOT,159.14
CUST_HOT,108.81
CUST_HOT,257.62
CUST_18,55.49
CUST_HOT,216.71
CUST_HOT,60.23
CUST_HOT,19.44
CUST_HOT,282.01
CUST_HOT,490.71
CUST_HOT,464.88
CUST_HOT,145.87
CUST_9,125.76
CUST_7,167.68
CUST_1,489.35
CUST_HOT,203.15
CUST_HOT,60.93
CUST_HOT,475.41
CUST_HOT,170.56
CUST_HOT,373.56
CUST_HOT,404.34
CUST_11,201.69
CUST_HOT,365.2
CUST_5,453.47
CUST_HOT,492.76
CUST_HOT,199.07
CUST_HOT,164.42
CUST_HOT,132.63
CUST_HOT,344.02
CUST_10,450.27
CUST_HOT,312.14
CUST_HOT,157.78
CUST_HOT,327.03
CUST_HOT,136.14
CUST_HOT,190.96
CUST_HOT,174.61
CUST_HOT,114.76
CUST_HOT,482.48
CUST_HOT,341.82
CUST_HOT,100.89
CUST_HOT,275.24
CUST_HOT,21.81
CUST_HOT,499.07
CUST_HOT,427.02
CUST_HOT,103.9
CUST_HOT,345.18
CUST_HOT,247.61
CUST_HOT,72.94
CUST_18,405.66
CUST_HOT,401.22
CUST_HOT,178.28
CUST_HOT,278.54
CUST_HOT,129.5
CUST_HOT,88.22
CUST_HOT,357.34
CUST_HOT,406.87
CUST_HOT,313.82
CUST_HOT,11.39
CUST_HOT,121.54
CUST_HOT,78.39
CUST_HOT,328.79
CUST_HOT,101.52
CUST_18,134.56
CUST_HOT,434.07
CUST_HOT,465.64
CUST_HOT,71.93
CUST_HOT,338.75
CUST_HOT,98.03
CUST_HOT,426.09
CUST_HOT,408.57
CUST_HOT,111.49
CUST_3,81.31
CUST_9,166.43
CUST_HOT,283.5
CUST_HOT,107.86
CUST_HOT,83.52
CUST_HOT,18.46
CUST_HOT,89.01
CUST_HOT,361.02
CUST_HOT,191.18
CUST_HOT,59.76
CUST_HOT,330.48
CUST_HOT,492.25
CUST_18,349.48
CUST_HOT,417.42
CUST_HOT,60.34
CUST_HOT,206.82
CUST_HOT,214.52
CUST_HOT,473.52
CUST_HOT,39.4
CUST_HOT,349.47
CUST_HOT,345.1
CUST_HOT,237.44
CUST_16,344.7
CUST_HOT,390.36
CUST_HOT,363.68
CUST_HOT,217.16
CUST_HOT,72.9
CUST_10,114.55
CUST_HOT,155.67
CUST_HOT,40.18
CUST_HOT,307.0
CUST_HOT,200.65
CUST_HOT,446.28
CUST_HOT,64.69
CUST_HOT,353.98
CUST_HOT,341.71
CUST_HOT,48.8
CUST_HOT,161.19
CUST_HOT,329.74
CUST_HOT,294.53
CUST_HOT,152.24
CUST_HOT,174.75
CUST_HOT,35.31
CUST_HOT,230.95
CUST_2,35.05
CUST_HOT,147.33
CUST_2,476.57
CUST_HOT,33.87
CUST_18,262.32
CUST_HOT,483.89
CUST_HOT,213.92
CUST_12,378.04
CUST_HOT,411.71
CUST_12,392.14
CUST_9,66.62
CUST_HOT,142.59
CUST_10,22.9
CUST_HOT,156.94
CUST_HOT,167.82
CUST_HOT,467.51
CUST_HOT,411.74
CUST_HOT,200.81
CUST_HOT,135.27
CUST_15,364.94
CUST_HOT,324.34
CUST_HOT,414.29
CUST_HOT,128.14
CUST_HOT,67.57
CUST_HOT,241.48
CUST_HOT,288.16
CUST_HOT,131.07
CUST_HOT,214.31
CUST_HOT,115.78
CUST_HOT,38.64
CUST_19,237.36
CUST_HOT,143.68
CUST_HOT,120.53
CUST_HOT,292.44
CUST_HOT,390.73
CUST_HOT,173.15
CUST_HOT,78.12
CUST_13,218.6
CUST_HOT,134.27
CUST_HOT,287.47
CUST_HOT,237.59
CUST_HOT,406.83
CUST_HOT,403.97
CUST_HOT,38.86
CUST_3,103.37
CUST_10,433.14
CUST_HOT,191.41
CUST_HOT,276.62
CUST_HOT,216.14
CUST_2,252.05
CUST_15,336.37
CUST_HOT,278.76
CUST_HOT,243.81
CUST_HOT,211.85
CUST_HOT,367.79
CUST_HOT,489.7
CUST_HOT,373.24
CUST_2,45.83
CUST_HOT,270.47
CUST_HOT,448.54
CUST_10,200.29
CUST_HOT,387.45
CUST_HOT,61.08
CUST_HOT,332.19
CUST_0,315.29
CUST_HOT,433.75
CUST_HOT,21.95
CUST_HOT,302.17
CUST_HOT,15.3
CUST_HOT,60.95
CUST_HOT,68.02
CUST_HOT,162.36
CUST_HOT,73.27
CUST_HOT,104.36
CUST_HOT,136.28
CUST_HOT,232.62
CUST_HOT,283.63
CUST_HOT,75.58
CUST_HOT,231.55
CUST_HOT,345.03
CUST_HOT,240.51
CUST_HOT,476.24
CUST_HOT,279.64
CUST_HOT,411.84
CUST_6,112.38
CUST_HOT,311.3
CUST_11,418.81
CUST_HOT,128.94
CUST_HOT,378.03
CUST_HOT,101.23
CUST_HOT,102.87
CUST_18,326.78
CUST_HOT,340.66
CUST_HOT,430.71
CUST_HOT,460.11
CUST_HOT,382.98
CUST_HOT,374.76
CUST_1,404.07
CUST_3,452.89
CUST_HOT,58.01
CUST_HOT,457.95
CUST_HOT,210.78
CUST_HOT,249.0
CUST_HOT,73.2
CUST_HOT,17.32
CUST_2,89.51
CUST_HOT,300.32
CUST_HOT,284.07
CUST_HOT,249.62
CUST_HOT,450.91
CUST_HOT,241.6
CUST_HOT,170.66
CUST_HOT,55.75
CUST_HOT,357.84
CUST_HOT,492.01
CUST_HOT,433.17
CUST_HOT,181.18
CUST_HOT,231.18
CUST_HOT,296.56
CUST_HOT,482.54
CUST_HOT,332.6
CUST_HOT,296.28
CUST_0,38.7
CUST_HOT,296.07
CUST_HOT,150.29
CUST_HOT,391.67
CUST_HOT,413.68
CUST_HOT,305.0
CUST_1,85.72
CUST_HOT,364.83
CUST_HOT,85.54
CUST_HOT,92.77
CUST_HOT,125.36
CUST_HOT,260.75
CUST_HOT,370.23
CUST_1,471.24
CUST_14,89.31
CUST_HOT,346.39
CUST_HOT,289.18
CUST_HOT,329.0
CUST_4,444.87
CUST_HOT,484.17
CUST_HOT,478.07
CUST_HOT,261.74
CUST_17,469.86
CUST_HOT,267.48
CUST_HOT,400.26
CUST_HOT,203.78
CUST_HOT,466.96
CUST_HOT,373.76
CUST_HOT,231.39
CUST_HOT,387.95
CUST_7,172.42
CUST_HOT,358.58
CUST_0,367.62
CUST_HOT,191.59
CUST_HOT,282.38
CUST_HOT,428.18
CUST_HOT,334.99
CUST_HOT,54.05
CUST_HOT,394.83
CUST_HOT,429.7
CUST_13,490.51
CUST_HOT,90.13
CUST_HOT,476.4
CUST_12,421.03
CUST_HOT,186.9
CUST_10,374.37
CUST_HOT,196.87
CUST_HOT,189.49
CUST_HOT,120.11
CUST_HOT,361.82
CUST_HOT,362.34
CUST_HOT,404.28
CUST_HOT,243.57
CUST_HOT,17.65
CUST_HOT,178.55
CUST_HOT,77.86
CUST_HOT,165.59
CUST_HOT,55.22
CUST_HOT,299.89
CUST_11,58.95
CUST_9,360.49
CUST_HOT,417.57
CUST_HOT,19.11
CUST_HOT,480.89
CUST_9,301.52
CUST_HOT,248.09
CUST_HOT,14.6
CUST_HOT,432.2
CUST_HOT,245.42
CUST_HOT,223.91
CUST_HOT,487.17
CUST_HOT,296.09
CUST_HOT,492.55
CUST_HOT,452.59
CUST_HOT,449.24
CUST_14,352.85
CUST_13,120.4
CUST_HOT,352.3
